text,category
tu contrato fue renovado exitosamente hasta 5/2025,customer_service
70% off on furniture only today at Shell,promotion_offer
usa 407618 para verificar tu identidad en nuestra app,otp_verification
weekend offer: 45% discount on electronics at Uber,promotion_offer
tu reclamo #2045 fue escalado a nivel 2. te informaremos pronto,customer_service
tu caso #2492 fue asignado a un agente. tiempo estimado: 10 horas,customer_service
aviso de cobro: debes $9861 con vencimiento el 24/11,billing_reminder
tu suscripcion de $2349 se renueva en 3 dias,billing_reminder
security alert: access from Brazil detected on your account,security_alert
use 194689 to verify your identity in our app,otp_verification
weekend offer: 70% discount on electronics at Walmart,promotion_offer
your $190 cashback is ready to use at Walgreens,promotion_offer
se debito $237.000 de tu cuenta corriente terminada en 7216,transaction
codigo de confirmacion de transaccion: 624563,otp_verification
ultimo aviso: factura de $3925 vence hoy. paga ahora para evitar corte,billing_reminder
pay your bill today and avoid penalties,billing_reminder
earn $229 from home. no experience needed. sign up now!,spam_advertising
suspicious activity detected on your account. please review your recent activity,security_alert
retiro de $264.000 en cajero automatico fue exitoso,transaction
tu sesion fue cerrada por seguridad desde ip desconocida. ingresa nuevamente,security_alert
"authentication code: 827369. if this was not you, ignore this message",otp_verification
tu token de verificacion es 751051. no lo reenvies,otp_verification
factura mensual generada por $6228. fecha limite de pago: 18/11,billing_reminder
no olvides tu cita con el medico el lunes a las 8:30am,appointment_reminder
acumula puntos dobles este fin de semana en Easy,promotion_offer
transaccion de $393.000 aprobada en Uber,transaction
tu solicitud de cambio de plan fue procesada exitosamente,customer_service
successful transfer of $641 to account 5462,transaction
pedido #11487 retrasado por clima. nueva fecha estimada: manana,delivery_logistics
tu compra de Rappi salio del almacen y va en camino,delivery_logistics
compra aprobada por $476.000 en Amazon,transaction
one-time pin: 919488. valid for this session only,otp_verification
se agrego un nuevo metodo de pago a tu cuenta. si no fuiste tu actua de inmediato,security_alert
entrega programada para manana entre 11:00am y 8:30am. alguien debe estar en casa,delivery_logistics
alguien ingreso a tu cuenta desde Espana a las 2:45,security_alert
you received a transfer of $2739 to your account,transaction
para recuperar tu contrasena usa el codigo 550961,otp_verification
389282 is your one-time password. keep it safe,otp_verification
tu plan vence en 5 dias. renueva para no perder el servicio,billing_reminder
tu pedido llego al centro de distribucion de Concepcion,delivery_logistics
recordatorio: manana tienes cita con el doctor a las 4:30pm. llega 10 min antes,appointment_reminder
reembolso de $4848 procesado. veras el credito en 4 dias,customer_service
your request has been received. we will contact you within 2 business days,customer_service
reminder: your payment of $2712 is due tomorrow. avoid late fees,billing_reminder
te regalamos $8510 en creditos. canjealos antes de que expiren hoy,spam_advertising
tu queja fue registrada bajo el numero #9783. te responderemos pronto,customer_service
we could not deliver your package #96643 today. rescheduling for tomorrow,delivery_logistics
usa 806707 para verificar tu identidad en nuestra app,otp_verification
your number was drawn! call free 313-8481668 to claim,spam_advertising
click here to claim your $501 reward: www.prize581.com,spam_advertising
confirmacion: pago de $7991 realizado con exito en Uber,transaction
your purchase of $1169 at Apple Store is confirmed,transaction
eres el ganador seleccionado de $293.000! reclama tu premio antes de manana,spam_advertising
"tu cita en la clinica es en 24 horas, a las 10:30am. lleva tu carnet",appointment_reminder
clearance sale: up to 30% off electronics at Amazon,promotion_offer
"login from Paris detected. if this was not you, secure your account now",security_alert
entrega exitosa del pedido #64862. recibiste tu paquete?,delivery_logistics
regalo de $556 en puntos por tu compra en Falabella,promotion_offer
members only: 10% discount at Apple Store this week,promotion_offer
delivery scheduled for tomorrow between 5:00pm and 11:00am,delivery_logistics
alerta: acceso desde Colombia detectado en tu cuenta,security_alert
2-step verification: use code 701253,otp_verification
replica este metodo secreto y gana $106.000 sin salir de casa. mira como,spam_advertising
te regalamos $9357 en creditos. canjealos antes de que expiren hoy,spam_advertising
tracking update: your parcel #52153 is at the sorting facility,delivery_logistics
paga tu factura hoy y evita penalidades. monto: $4408,billing_reminder
promo especial: lleva 3 y paga 2 en deportes,promotion_offer
we confirm your medical appointment for 12/1. bring your id,appointment_reminder
promo exclusiva solo para ti! no te lo pierdas: www.oferta935.com,spam_advertising
oferta exclusiva: 45% de rebaja en tu proxima compra en Rappi,promotion_offer
envio gratis en tu proxima compra en Netflix. valido esta semana,promotion_offer
card transaction: $1842 debited from your account,transaction
"codigo de autenticacion: 757937. si no fuiste tu, ignora este mensaje",otp_verification
"a new payment method was added to your account. if this was not you, act now",security_alert
recordatorio de pago: $7573 con vencimiento el 23/10,billing_reminder
we detected access from Australia at 2:00. was this you?,security_alert
do not forget your doctor appointment on Thursday at 8:30am,appointment_reminder
reminder: you have a dental appointment on Tuesday at 8:30am,appointment_reminder
weekend offer: 20% discount on clothing at Apple Store,promotion_offer
your $1794 cashback is ready to use at Walgreens,promotion_offer
order #87296 delivered successfully. how was your experience?,delivery_logistics
you are one of 18 winners selected. act now!,spam_advertising
unauthorized access attempt from Nigeria. your account may be at risk,security_alert
transfer of $1487 to account ending in 4593 completed,transaction
tu pedido #39012 llega manana. descarga la app para seguirlo en tiempo real,delivery_logistics
special deal: buy one get one 20% off at Shell,promotion_offer
unusual login detected from Australia. was this you?,security_alert
do not forget your doctor appointment on Friday at 8:30am,appointment_reminder
purchase of $1143 approved at Apple Store,transaction
tu pedido llego al centro de distribucion de Buenos Aires,delivery_logistics
alerta de seguridad: tu correo asociado fue cambiado. si no fuiste tu contactanos,security_alert
we resolved your case #8923. how would you rate our service?,customer_service
congratulations! you won $644. call now 300-9512910,spam_advertising
843963 is your one-time password. keep it safe,otp_verification
soporte tecnico: tu incidencia #8722 esta siendo atendida,customer_service
reembolso de $3175 procesado. veras el credito en 6 dias,customer_service
appointment reminder: dermatology checkup on Thursday. please arrive 10 minutes early,appointment_reminder
acumula puntos dobles este fin de semana en Uber,promotion_offer
oferta exclusiva: 10% de rebaja en tu proxima compra en Lider,promotion_offer
gracias por contactarnos. tu ticket #6231 esta en proceso,customer_service
tu servicio sera suspendido en 1 dias por falta de pago. regulariza ya,billing_reminder
compra de $56.000 en Jumbo fue marcada como sospechosa. la rechazamos?,security_alert
tienes una consulta medica programada para manana. presentate en recepcion a las 2:30pm,appointment_reminder
successful transfer of $611 to account 8041,transaction
pedido #39937 entregado exitosamente. como fue tu experiencia?,delivery_logistics
your order reached the Los Angeles distribution center,delivery_logistics
deuda pendiente de $5965. paga antes del 16 para evitar intereses,billing_reminder
tu paquete #39878 esta disponible para retiro en sucursal Valparaiso,delivery_logistics
hospital norte: recordatorio de tu turno de control manana,appointment_reminder
successful transfer of $1231 to account 2697,transaction
felicitaciones! ganaste un premio de $210.000. llama ahora al 381-5585697,spam_advertising
para cancelar tu cita oftalmologica del jueves responde CANCELAR,appointment_reminder
transaction confirmation code: 774591. do not share it,otp_verification
"login from Spain detected. if this was not you, secure your account now",security_alert
your subscription of $1708 renews in 7 days,billing_reminder
detectamos un intento de phishing en tu cuenta. no compartas tus datos,security_alert
recuerda tu consulta medica manana a las 4:30pm en policlinico norte,appointment_reminder
descuento especial del 60% para clientes frecuentes de Rappi,promotion_offer
trabajo desde casa ganando $73.000 al mes. cupos limitados! entra ya,spam_advertising
your case #7757 has been assigned to an agent. estimated time: 23 hours,customer_service
se agrego un nuevo metodo de pago a tu cuenta. si no fuiste tu actua de inmediato,security_alert
health clinic: your ophthalmology checkup is confirmed for Thursday,appointment_reminder
alerta: acceso desde Chile detectado en tu cuenta,security_alert
unusual login detected from Brazil. was this you?,security_alert
you received a transfer of $1343 to your account,transaction
tu envio salio del deposito. numero de seguimiento: #16460,delivery_logistics
tu suscripcion de $6626 se renueva en 2 dias,billing_reminder
your monthly invoice is ready. amount due: $829,billing_reminder
compra aprobada por $48.000 en Jumbo,transaction
tu reserva en clinica dental es manana 6/2 a las 4:30pm,appointment_reminder
recordatorio: el debito automatico de $8790 se ejecutara el 1/8,billing_reminder
your account has an outstanding balance of $2754. please settle it,billing_reminder
verificacion requerida: acceso sospechoso desde Berlin,security_alert
double points this weekend at Best Buy,promotion_offer
se acredito $94.000 en tu cuenta,transaction
rebaja de 25% en ropa en Shell solo este mes,promotion_offer
oferta exclusiva: 35% de rebaja en tu proxima compra en Amazon,promotion_offer
your purchase of $2945 at Best Buy is confirmed,transaction
you have been selected to win $1502! claim your prize before tomorrow,spam_advertising
intento de entrega fallido para pedido #97821. reagenda en nuestra app,delivery_logistics
no olvides tu cita con el medico el jueves a las 10:30am,appointment_reminder
suspicious activity detected on your account. please review your recent activity,security_alert
weekend offer: 35% discount on clothing at Walgreens,promotion_offer
tu paquete #30369 esta disponible para retiro en sucursal Santiago,delivery_logistics
do not forget your doctor appointment on Thursday at 11:00am,appointment_reminder
wrong password entered 3 times. account temporarily locked,security_alert
sale: todos los muebles a 45% de descuento en Rappi,promotion_offer
oferta de inversion: duplica tu dinero en 8 dias. 100% garantizado,spam_advertising
purchase of $1885 at CVS flagged as suspicious. was this you?,security_alert
work from home earning $1955 per month. limited spots! join now,spam_advertising
your Target purchase has left the warehouse,delivery_logistics
"authentication code: 449499. if this was not you, ignore this message",otp_verification
you are one of 6 winners selected. act now!,spam_advertising
recuerda tu consulta medica manana a las 10:00am en policlinico norte,appointment_reminder
successful transfer of $2716 to account 8973,transaction
deuda pendiente de $3367. paga antes del 4 para evitar intereses,billing_reminder
"to cancel your medical appointment on Monday, reply CANCEL",appointment_reminder
invierte $1538 hoy y gana $191.000 en 48 horas garantizado,spam_advertising
se acredito $206.000 en tu cuenta,transaction
acumula puntos dobles este fin de semana en Ripley,promotion_offer
metodo probado para ganar $137.000 por semana. sin inversion inicial,spam_advertising
exclusive offer: 50% discount on your next purchase at Best Buy,promotion_offer
gracias por contactarnos. tu ticket #9534 esta en proceso,customer_service
verificacion requerida: acceso sospechoso desde Argentina,security_alert
automated profit system! generate $1880 while you sleep,spam_advertising
your login verification code is 416282,otp_verification
someone logged into your account from Italy. do you recognize this?,security_alert
please confirm your medical appointment for tomorrow by replying YES,appointment_reminder
clinica central: tu consulta del 11/6 esta confirmada,appointment_reminder
urgente: ultimo cupo para ganar $368.000. llama ahora al 363-2476750,spam_advertising
codigo de acceso: 445824. caduca en 3 minutos,otp_verification
an agent will contact you within the next 42 minutes,customer_service
one-time pin: 170394. valid for this session only,otp_verification
your purchase of $897 at Apple Store is confirmed,transaction
compra de $396.000 en Rappi fue marcada como sospechosa. la rechazamos?,security_alert
acumula puntos dobles este fin de semana en Easy,promotion_offer
tienes una consulta medica programada para manana. presentate en recepcion a las 9:30am,appointment_reminder
tu contrato fue renovado exitosamente hasta 3/2025,customer_service
complete your sign-in with code 483629,otp_verification
your security code is 749813. expires in 10 minutes,otp_verification
health clinic: your dental checkup is confirmed for Monday,appointment_reminder
retiro de $304.000 en cajero automatico fue exitoso,transaction
alerta! tu cuenta tiene un bono de $8127 pendiente. activalo en 24h,spam_advertising
verificacion en 2 pasos: usa el codigo 529893,otp_verification
tu sesion fue cerrada por seguridad desde ip desconocida. ingresa nuevamente,security_alert
aprovecha nuestra promo: 3x2 en electrodomesticos hasta agotar stock,promotion_offer
"codigo de autenticacion: 346205. si no fuiste tu, ignora este mensaje",otp_verification
te regalamos $4939 en creditos. canjealos antes de que expiren hoy,spam_advertising
payment notice: you owe $2644 due on 23/8,billing_reminder
paga tu factura hoy y evita penalidades. monto: $5547,billing_reminder
alerta: login desde Peru registrado. si no fuiste tu actua ahora,security_alert
clearance sale: up to 70% off perfumes at Shell,promotion_offer
verification code: 332335. valid for 5 minutes,otp_verification
we resolved your case #4104. how would you rate our service?,customer_service
intento de acceso fallido 4 veces en tu cuenta. la bloqueamos por seguridad,security_alert
recordatorio de cita medica: miercoles a las 4:30pm,appointment_reminder
confirmacion de identidad requerida. tu codigo: 215266,otp_verification
tu numero fue sorteado! llama gratis al 323-3942041 para reclamar,spam_advertising
tu suscripcion de $8263 se renueva en 2 dias,billing_reminder
"to cancel your dental appointment on Monday, reply CANCEL",appointment_reminder
notificacion de cobro: se intentara debitar $3745 de tu cuenta el 16/7,billing_reminder
your refund of $1864 has been approved. it will be credited in 3 business days,customer_service
suscripcion mensual de $7635 cobrada a tarjeta 3885,transaction
automated profit system! generate $1002 while you sleep,spam_advertising
exclusive offer just for you! do not miss it: bit.ly/22121,spam_advertising
recuerda tu consulta medica manana a las 11:30am en policlinico norte,appointment_reminder
notificacion de cobro: se intentara debitar $1942 de tu cuenta el 6/4,billing_reminder
we confirm your medical appointment for 17/5. bring your id,appointment_reminder
el repartidor esta a 3 paradas de tu direccion. prepara tu entrega,delivery_logistics
you received a transfer of $2902 to your account,transaction
2x1 en calzado en Uber. solo hoy!,promotion_offer
recordatorio de cita dermatologica: jueves a las 4:00pm,appointment_reminder
tu pin de un solo uso es 173201. valido solo por esta sesion,otp_verification
your subscription of $5 renews in 7 days,billing_reminder
pago de servicios por $2971 completado exitosamente,transaction
support ticket #1108 opened. our team will respond within 35 hours,customer_service
tu contrato fue renovado exitosamente hasta 11/2026,customer_service
haz clic aqui y reclama tu regalo de $376.000: www.premio689.com,spam_advertising
members only: 25% discount at Shell this week,promotion_offer
limited time: 20% off books ends tonight,promotion_offer
health clinic: your ophthalmology checkup is confirmed for Friday,appointment_reminder
segundo aviso: factura vencida de $8003. evita el corte del servicio,billing_reminder
verification code: 993744. valid for 5 minutes,otp_verification
intento de entrega fallido para pedido #39131. reagenda en nuestra app,delivery_logistics
your refund of $2409 has been approved. it will be credited in 10 business days,customer_service
tu tarjeta fue usada por $474.000 en Shell,transaction
congratulations! you won $2358. call now 316-8396883,spam_advertising
soporte tecnico: tu incidencia #7511 esta siendo atendida,customer_service
your refund of $332 has been approved. it will be credited in 3 business days,customer_service
factura mensual generada por $3186. fecha limite de pago: 23/12,billing_reminder
metodo probado para ganar $394.000 por semana. sin inversion inicial,spam_advertising
pagaste $443.000 en Lider,transaction
tienes una consulta medica programada para manana. presentate en recepcion a las 11:00am,appointment_reminder
clinica central: tu consulta del 26/10 esta confirmada,appointment_reminder
tu sesion fue cerrada por seguridad desde ip desconocida. ingresa nuevamente,security_alert
someone logged into your account from Berlin. do you recognize this?,security_alert
codigo temporal 978157 para completar tu registro,otp_verification
recordatorio: el debito automatico de $9297 se ejecutara el 11/8,billing_reminder
recordatorio: tienes cita medica el jueves a las 11:00am,appointment_reminder
recordatorio de cita odontologica: viernes a las 11:00am,appointment_reminder
exclusive offer: 45% discount on your next purchase at Shell,promotion_offer
autenticacion de dos factores: 403507 es tu codigo,otp_verification
transfer of $2933 to account ending in 4249 completed,transaction
we confirm your medical appointment for 3/1. bring your id,appointment_reminder
alguien ingreso a tu cuenta desde Rusia a las 4:45,security_alert
envio gratis en tu proxima compra en Farmacia Cruz Verde. valido esta semana,promotion_offer
detectamos un intento de phishing en tu cuenta. no compartas tus datos,security_alert
realizaste una compra de $361.000 con tu tarjeta de credito,transaction
order #31802 delivered successfully. how was your experience?,delivery_logistics
tu caso esta siendo revisado por nuestro equipo. respuesta en 64 horas,customer_service
paga tu servicio antes del 1 para evitar la suspension,billing_reminder
card transaction: $523 debited from your account,transaction
no olvides tu cita con el medico el martes a las 2:00pm,appointment_reminder
your refund request is under review. we will notify you within 3 business days,customer_service
your doctor appointment has been rescheduled to Thursday at 5:00pm,appointment_reminder
your otp code is 225812. do not share it with anyone,otp_verification
payment reminder: $1252 due on 25/5,billing_reminder
invest $2215 today and earn $2083 in 48 hours guaranteed,spam_advertising
your number was drawn! call free 396-5687895 to claim,spam_advertising
promo especial: lleva 3 y paga 2 en calzado,promotion_offer
flash sale: 20% off shoes for the next 24 hours,promotion_offer
tu factura del mes esta disponible. monto a pagar: $5542,billing_reminder
your monthly invoice is ready. amount due: $1060,billing_reminder
ingresa 823811 para confirmar tu acceso,otp_verification
confirmacion de cita medica: viernes 14/4 a las 4:00pm,appointment_reminder
soporte tecnico: tu incidencia #3048 esta siendo atendida,customer_service
tu reclamo #3535 fue escalado a nivel 2. te informaremos pronto,customer_service
actualizamos tu ticket #2577 con nueva informacion. revisa tu email,customer_service
do not forget your doctor appointment on Friday at 3:00pm,appointment_reminder
delivery attempt failed for order #93284. reschedule in our app,delivery_logistics
payment reminder: $2383 due on 25/11,billing_reminder
your cancellation request #6142 has been received and is being processed,customer_service
pagaste $369.000 en Netflix,transaction
actualizacion de tu caso #2505: en revision por equipo especializado,customer_service
we resolved your case #8257. how would you rate our service?,customer_service
earn $334 from home. no experience needed. sign up now!,spam_advertising
your driver is 4 stops away. get ready for your delivery,delivery_logistics
payment reminder: $1998 due on 22/7,billing_reminder
urgent: last spot to win $2914. call now 372-3297254,spam_advertising
el repartidor esta a 14 paradas de tu direccion. prepara tu entrega,delivery_logistics
your refund of $2514 has been approved. it will be credited in 7 business days,customer_service
wrong password entered 4 times. account temporarily locked,security_alert
tu envio #88792 de Falabella fue confirmado y esta en preparacion,delivery_logistics
pay your bill today and avoid penalties,billing_reminder
tu pedido #63744 esta en camino. llega hoy entre 8:00am y 9:30am,delivery_logistics
pago de servicios por $1185 completado exitosamente,transaction
sistema automatico de ganancias! genera $108.000 mientras duermes,spam_advertising
te esperamos el miercoles a las 11:30am para tu control medico. trae resultados previos,appointment_reminder
recordatorio: tienes cita medica el martes a las 3:00pm,appointment_reminder
autenticacion de dos factores: 662636 es tu codigo,otp_verification
tu cuenta tiene un saldo pendiente de $5124. regulariza tu situacion,billing_reminder
your service will be suspended in 1 days due to non-payment,billing_reminder
eres el ganador seleccionado de $459.000! reclama tu premio antes de manana,spam_advertising
gana puntos canjeables por $2.000. solo hoy! ingresa tu numero,spam_advertising
members only: 40% discount at Best Buy this week,promotion_offer
delivery scheduled for tomorrow between 11:30am and 10:00am,delivery_logistics
confirmacion: pago de $8817 realizado con exito en Rappi,transaction
tu pedido llego al centro de distribucion de Lima,delivery_logistics
delivery attempt failed for order #76402. reschedule in our app,delivery_logistics
se acredito $239.000 en tu cuenta,transaction
someone logged into your account from Australia. do you recognize this?,security_alert
paquete #99957 en camino. firma requerida en la entrega,delivery_logistics
para cancelar tu cita de control del lunes responde CANCELAR,appointment_reminder
payment of $2547 to Target confirmed,transaction
double points this weekend at Walgreens,promotion_offer
gracias por contactarnos. tu ticket #7366 esta en proceso,customer_service
alerta de seguridad: tu correo asociado fue cambiado. si no fuiste tu contactanos,security_alert
exclusive offer just for you! do not miss it: bit.ly/53704,spam_advertising
seguimiento actualizado: tu paquete #75065 esta en aduana,delivery_logistics
recordatorio de pago: $4470 con vencimiento el 3/5,billing_reminder
tu turno oftalmologica es manana a las 5:00pm. no faltes,appointment_reminder
tu pedido #18083 esta en camino. llega hoy entre 4:30pm y 4:00pm,delivery_logistics
your purchase of $783 at Netflix is confirmed,transaction
recordatorio: el debito automatico de $1235 se ejecutara el 27/4,billing_reminder
recibiste una transferencia de $399.000 en tu cuenta,transaction
your cancellation request #2577 has been received and is being processed,customer_service
ultimo aviso: factura de $4944 vence hoy. paga ahora para evitar corte,billing_reminder
seguimiento actualizado: tu paquete #69151 esta en aduana,delivery_logistics
flash sale: 50% off clothing for the next 24 hours,promotion_offer
tienes una factura pendiente de $6181. paga antes del 22/6 para evitar recargos,billing_reminder
appointment reminder: follow-up checkup on Monday. please arrive 10 minutes early,appointment_reminder
recordatorio de pago: $8712 con vencimiento el 9/1,billing_reminder
flash sale: 50% off books for the next 24 hours,promotion_offer
descuento especial del 45% para clientes frecuentes de Uber,promotion_offer
your order reached the New York distribution center,delivery_logistics
tu token de verificacion es 238579. no lo reenvies,otp_verification
tu pedido llego al centro de distribucion de Concepcion,delivery_logistics
rebaja de 45% en muebles en Farmacia Cruz Verde solo este mes,promotion_offer
free shipping on orders over $328 at Walgreens,promotion_offer
pay your bill today and avoid penalties,billing_reminder
2-step verification: use code 986209,otp_verification
retiro de $312.000 en cajero automatico fue exitoso,transaction
your cancellation request #8654 has been received and is being processed,customer_service
tienes una factura pendiente de $5292. paga antes del 28/11 para evitar recargos,billing_reminder
paga tu servicio antes del 17 para evitar la suspension,billing_reminder
your session was closed due to suspicious activity. please log in again,security_alert
shipment #14062 is now in transit from Houston,delivery_logistics
tu solicitud ha sido recibida. te contactaremos en 3 dias habiles,customer_service
hospital norte: recordatorio de tu turno oftalmologica manana,appointment_reminder
paquete #77603 en camino. firma requerida en la entrega,delivery_logistics
envio gratis en tu proxima compra en Netflix. valido esta semana,promotion_offer
tu compra en Ripley por $451.000 fue procesada,transaction
tu verificacion telefonica: 913423,otp_verification
realizaste una compra de $187.000 con tu tarjeta de credito,transaction
pagaste $382.000 en Easy,transaction
abono de $368.000 recibido en tu cuenta de ahorros,transaction
your bill of $2706 is due on 28/3. pay now to avoid penalties,billing_reminder
confirmacion de cita medica: lunes 9/11 a las 10:30am,appointment_reminder
click here to claim your $2355 reward: www.prize752.com,spam_advertising
members only: 70% discount at Netflix this week,promotion_offer
realizaste una compra de $152.000 con tu tarjeta de credito,transaction
eres el ganador seleccionado de $97.000! reclama tu premio antes de manana,spam_advertising
inicio de sesion desde Argentina en tu cuenta. reconoces este acceso?,security_alert
liquidacion de electrodomesticos: hasta 10% de descuento en Shell,promotion_offer
wrong password entered 4 times. account temporarily locked,security_alert
confirmamos tu cita medica para el 8/12 a las 9:00am,appointment_reminder
weekend offer: 25% discount on clothing at Uber,promotion_offer
tu cashback de $1511 esta disponible para usar en Easy,promotion_offer
promo especial: lleva 3 y paga 2 en tecnologia,promotion_offer
ingresa 900177 para confirmar tu acceso,otp_verification
para recuperar tu contrasena usa el codigo 904624,otp_verification
failed login attempt 2 times. your account has been locked,security_alert
seasonal promo: 35% off all electronics at Walmart,promotion_offer
soporte tecnico: tu incidencia #3994 esta siendo atendida,customer_service
your plan change request has been processed successfully,customer_service
envio gratis en tu proxima compra en Jumbo. valido esta semana,promotion_offer
tu cuenta tiene un saldo pendiente de $9452. regulariza tu situacion,billing_reminder
recibiste una transferencia de $128.000 en tu cuenta,transaction
your otp code is 914571. do not share it with anyone,otp_verification
te regalamos $8004 en creditos. canjealos antes de que expiren hoy,spam_advertising
your subscription of $150 renews in 6 days,billing_reminder
soporte tecnico: tu incidencia #9987 esta siendo atendida,customer_service
order #80190 delivered successfully. how was your experience?,delivery_logistics
tienes un cupon de 15% dcto valido hasta el 16/1,promotion_offer
compra de $375.000 en Paris fue marcada como sospechosa. la rechazamos?,security_alert
alerta! tu cuenta tiene un bono de $3360 pendiente. activalo en 24h,spam_advertising
urgent: last spot to win $2540. call now 305-7133266,spam_advertising
you spent $1563 at Apple Store,transaction
alert: sign in from Brazil at 21h. not you? change password,security_alert
work from home earning $1333 per month. limited spots! join now,spam_advertising
tu solicitud ha sido recibida. te contactaremos en 5 dias habiles,customer_service
tu envio salio del deposito. numero de seguimiento: #92674,delivery_logistics
deuda pendiente de $7701. paga antes del 13 para evitar intereses,billing_reminder
promo especial: lleva 3 y paga 2 en calzado,promotion_offer
tu compra de $13.000 en Farmacia Cruz Verde fue autorizada,transaction
encuesta: como fue tu experiencia con nuestro servicio al cliente?,customer_service
has sido preseleccionado para ganar $12.000. confirma tus datos ya,spam_advertising
card transaction: $361 debited from your account,transaction
tu devolucion de $4866 fue aprobada. acreditaremos en 9 dias habiles,customer_service
verificacion en 2 pasos: usa el codigo 178463,otp_verification
tu codigo otp es 396578. no lo compartas con nadie,otp_verification
oferta exclusiva: 60% de rebaja en tu proxima compra en Lider,promotion_offer
flash sale: 50% off shoes for the next 24 hours,promotion_offer
failed login attempt 4 times. your account has been locked,security_alert
aprovecha nuestra promo: 3x2 en deportes hasta agotar stock,promotion_offer
earn $251 from home. no experience needed. sign up now!,spam_advertising
tu pago de $103.000 en Paris fue confirmado,transaction
cargo de $5069 aplicado a tu tarjeta terminada en 8385,transaction
limited time: 20% off sports gear ends tonight,promotion_offer
tu codigo de seguridad es 599380. expira en 10 minutos,otp_verification
para continuar ingresa el codigo 524707 en la aplicacion,otp_verification
your login verification code is 783157,otp_verification
ingresa 576919 para confirmar tu acceso,otp_verification
segundo aviso: factura vencida de $4737. evita el corte del servicio,billing_reminder
2-step verification: use code 765620,otp_verification
entrega programada para manana entre 2:30pm y 2:30pm. alguien debe estar en casa,delivery_logistics
consigue $88.000 adicionales al mes trabajando solo 3 horas al dia,spam_advertising
order #62727 delayed due to weather. new estimate: tomorrow,delivery_logistics
confirmacion: pago de $9816 realizado con exito en Rappi,transaction
se debito $494.000 de tu cuenta corriente terminada en 6096,transaction
recordatorio: el debito automatico de $7900 se ejecutara el 3/12,billing_reminder
atm withdrawal of $1138 was successful,transaction
verificacion en 2 pasos: usa el codigo 174878,otp_verification
eres uno de los 8 ganadores seleccionados. actua ahora!,spam_advertising
your doctor appointment has been rescheduled to Wednesday at 2:30pm,appointment_reminder
rebaja de 30% en libros en Jumbo solo este mes,promotion_offer
eres uno de los 14 ganadores seleccionados. actua ahora!,spam_advertising
verificacion requerida: acceso sospechoso desde Berlin,security_alert
urgent: last spot to win $362. call now 310-7554564,spam_advertising
transaction of $1625 at Apple Store approved,transaction
support ticket #5501 opened. our team will respond within 32 hours,customer_service
recuerda tu consulta medica manana a las 11:30am en policlinico norte,appointment_reminder
tu solicitud de cambio de plan fue procesada exitosamente,customer_service
unauthorized access attempt from Brazil. your account may be at risk,security_alert
pay your bill today and avoid penalties,billing_reminder
your order #61213 is on its way. arrives today between 2:30pm and 3:00pm,delivery_logistics
suspicious activity detected on your account. please review your recent activity,security_alert
members only: 45% discount at Netflix this week,promotion_offer
segundo intento de entrega para #27103 sera manana a las 10:30am,delivery_logistics
pedido #99282 entregado exitosamente. como fue tu experiencia?,delivery_logistics
we could not deliver your package #53598 today. rescheduling for tomorrow,delivery_logistics
your driver is 2 stops away. get ready for your delivery,delivery_logistics
shipment #36171 is now in transit from New York,delivery_logistics
detectamos un intento de phishing en tu cuenta. no compartas tus datos,security_alert
second notice: overdue invoice of $652. avoid service interruption,billing_reminder
tu codigo de seguridad es 346174. expira en 10 minutos,otp_verification
unusual login detected from Mexico. was this you?,security_alert
members only: 15% discount at CVS this week,promotion_offer
limited time: 35% off furniture ends tonight,promotion_offer
tienes un cupon de 25% dcto valido hasta el 24/1,promotion_offer
hospital norte: recordatorio de tu turno de control manana,appointment_reminder
tu reserva en clinica dental es manana 12/11 a las 10:30am,appointment_reminder
el repartidor esta a 6 paradas de tu direccion. prepara tu entrega,delivery_logistics
payment notice: you owe $1116 due on 22/11,billing_reminder
tu caso #9086 fue asignado a un agente. tiempo estimado: 14 horas,customer_service
tu verificacion telefonica: 560485,otp_verification
your cancellation request #5895 has been received and is being processed,customer_service
actualizacion de tu caso #1172: en revision por equipo especializado,customer_service
never share this code: 666211. we will never ask for it,otp_verification
segundo aviso: factura vencida de $2131. evita el corte del servicio,billing_reminder
your refund of $1645 has been approved. it will be credited in 7 business days,customer_service
tu envio #13416 de Uber fue confirmado y esta en preparacion,delivery_logistics
eres uno de los 13 ganadores seleccionados. actua ahora!,spam_advertising
tu devolucion de $931 fue aprobada. acreditaremos en 9 dias habiles,customer_service
sale: todos los tecnologia a 10% de descuento en Jumbo,promotion_offer
automated profit system! generate $2778 while you sleep,spam_advertising
promo exclusiva solo para ti! no te lo pierdas: www.oferta940.com,spam_advertising
no compartas este codigo: 326040. nadie te lo pedira,otp_verification
your follow-up appointment is confirmed for 2/9 at central clinic,appointment_reminder
detectamos un inicio de sesion inusual desde Chile. fuiste tu?,security_alert
abono de $344.000 recibido en tu cuenta de ahorros,transaction
recordatorio: tu pago de $3610 vence manana. evita penalidades,billing_reminder
tu cita oftalmologica fue reagendada para el miercoles. confirma respondiendo SI,appointment_reminder
tu solicitud ha sido recibida. te contactaremos en 4 dias habiles,customer_service
delivery attempt failed for order #53449. reschedule in our app,delivery_logistics
automated profit system! generate $2978 while you sleep,spam_advertising
members only: 30% discount at Best Buy this week,promotion_offer
your follow-up appointment is confirmed for 21/1 at central clinic,appointment_reminder
tu pago de $115.000 en Falabella fue confirmado,transaction
package #44524 is out for delivery. signature required,delivery_logistics
gana puntos canjeables por $38.000. solo hoy! ingresa tu numero,spam_advertising
promo especial: lleva 3 y paga 2 en perfumes,promotion_offer
wrong password entered 5 times. account temporarily locked,security_alert
para cancelar tu cita dermatologica del viernes responde CANCELAR,appointment_reminder
50% de descuento en calzado solo por hoy en Netflix,promotion_offer
regalo de $4555 en puntos por tu compra en Paris,promotion_offer
tu envio #99091 de Uber fue confirmado y esta en preparacion,delivery_logistics
factura mensual generada por $9594. fecha limite de pago: 4/8,billing_reminder
we updated your ticket #4924 with new information. check your email,customer_service
your Target purchase has left the warehouse,delivery_logistics
tu codigo otp es 390743. no lo compartas con nadie,otp_verification
your order reached the New York distribution center,delivery_logistics
shipment #98063 is now in transit from Chicago,delivery_logistics
el repartidor esta a 6 paradas de tu direccion. prepara tu entrega,delivery_logistics
gana puntos canjeables por $45.000. solo hoy! ingresa tu numero,spam_advertising
earn $2656 from home. no experience needed. sign up now!,spam_advertising
pago de $118.000 a Falabella completado,transaction
thank you for contacting us. your ticket #8515 is being processed,customer_service
recordatorio de pago: $927 con vencimiento el 12/2,billing_reminder
te regalamos $7817 en creditos. canjealos antes de que expiren hoy,spam_advertising
pay your bill today and avoid penalties,billing_reminder
aviso: tu hora medica fue confirmada para el 14/5,appointment_reminder
contrasena incorrecta ingresada 5 veces. cuenta bloqueada temporalmente,security_alert
detectamos un acceso desde Mexico. si no fuiste tu bloquea tu cuenta,security_alert
tu envio #48506 de Ripley fue confirmado y esta en preparacion,delivery_logistics
codigo temporal 769975 para completar tu registro,otp_verification
aviso: tu hora de control fue confirmada para el 10/11,appointment_reminder
tu solicitud de baja fue recibida. procesaremos en 5 dias habiles,customer_service
tu queja fue registrada bajo el numero #8254. te responderemos pronto,customer_service
no olvides tu cita con el medico el miercoles a las 11:00am,appointment_reminder
regalo de $1341 en puntos por tu compra en Rappi,promotion_offer
package #32296 was shipped from Houston. arrives in 2 business days,delivery_logistics
your access token is 391668. expires in 3 minutes,otp_verification
regalo de $7891 en puntos por tu compra en Uber,promotion_offer
eres el ganador seleccionado de $478.000! reclama tu premio antes de manana,spam_advertising
delivery attempt failed for order #86609. reschedule in our app,delivery_logistics
aviso de despacho: paquete #75390 en camino desde Bogota,delivery_logistics
cita medica agendada para el 25/7 a las 8:00am en clinica central,appointment_reminder
tu suscripcion de $5205 se renueva en 4 dias,billing_reminder
notificacion: tu solicitud #1118 paso a estado en revision,customer_service
transfer of $2987 to account ending in 6559 completed,transaction
urgent: last spot to win $1718. call now 321-6764248,spam_advertising
your Netflix purchase has left the warehouse,delivery_logistics
your complaint #7099 has been escalated to level 2. we will keep you updated,customer_service
recordatorio: el debito automatico de $4543 se ejecutara el 14/7,billing_reminder
use 803055 to verify your identity in our app,otp_verification
paga tu factura hoy y evita penalidades. monto: $9431,billing_reminder
second notice: overdue invoice of $2173. avoid service interruption,billing_reminder
enter 493049 to confirm your access,otp_verification
package #28772 is out for delivery. signature required,delivery_logistics
autenticacion de dos factores: 581894 es tu codigo,otp_verification
639593 is your one-time password. keep it safe,otp_verification
aviso: tienes 1 facturas sin pagar. total adeudado: $5319,billing_reminder
te esperamos el jueves a las 2:30pm para tu control medico. trae resultados previos,appointment_reminder
pago de servicios por $4791 completado exitosamente,transaction
pagaste $157.000 en Shell,transaction
your follow-up appointment is tomorrow at 8:30am. please do not miss it,appointment_reminder
your refund of $2547 has been approved. it will be credited in 8 business days,customer_service
urgent: last spot to win $182. call now 313-1880075,spam_advertising
actividad sospechosa detectada en tu cuenta. accede y revisa tus movimientos,security_alert
alerta de seguridad: tu correo asociado fue cambiado. si no fuiste tu contactanos,security_alert
do not forget your doctor appointment on Thursday at 10:30am,appointment_reminder
tu codigo otp es 857537. no lo compartas con nadie,otp_verification
tu pedido llego al centro de distribucion de Valparaiso,delivery_logistics
your security code is 344907. expires in 10 minutes,otp_verification
tienes un cupon de 70% dcto valido hasta el 21/6,promotion_offer
acumula puntos dobles este fin de semana en Rappi,promotion_offer
promocion exclusiva: 15% de descuento en tu siguiente compra en Farmacia Cruz Verde,promotion_offer
actividad sospechosa detectada en tu cuenta. accede y revisa tus movimientos,security_alert
you are one of 9 winners selected. act now!,spam_advertising
actualizacion de tu caso #1149: en revision por equipo especializado,customer_service
autenticacion de dos factores: 492483 es tu codigo,otp_verification
tu codigo otp es 693419. no lo compartas con nadie,otp_verification
pagaste $53.000 en Farmacia Cruz Verde,transaction
your subscription of $1700 renews in 6 days,billing_reminder
alerta de seguridad: tu correo asociado fue cambiado. si no fuiste tu contactanos,security_alert
aviso de despacho: paquete #70786 en camino desde Buenos Aires,delivery_logistics
work from home earning $1893 per month. limited spots! join now,spam_advertising
para continuar ingresa el codigo 881886 en la aplicacion,otp_verification
tu queja fue registrada bajo el numero #1804. te responderemos pronto,customer_service
actualizacion de tu caso #9165: en revision por equipo especializado,customer_service
delivery attempt failed for order #60891. reschedule in our app,delivery_logistics
recordatorio de cita de control: lunes a las 2:30pm,appointment_reminder
weekend offer: 40% discount on books at Shell,promotion_offer
invest $216 today and earn $459 in 48 hours guaranteed,spam_advertising
confirmacion de cita medica: miercoles 10/8 a las 3:30pm,appointment_reminder
aviso: tienes 3 facturas sin pagar. total adeudado: $3072,billing_reminder
soporte tecnico: tu incidencia #4707 esta siendo atendida,customer_service
986827 is your one-time password. keep it safe,otp_verification
segundo aviso: factura vencida de $2354. evita el corte del servicio,billing_reminder
para recuperar tu contrasena usa el codigo 952547,otp_verification
detectamos un acceso desde Londres. si no fuiste tu bloquea tu cuenta,security_alert
felicitaciones! ganaste un premio de $264.000. llama ahora al 390-9232235,spam_advertising
alerta de seguridad: tu correo asociado fue cambiado. si no fuiste tu contactanos,security_alert
factura mensual generada por $4940. fecha limite de pago: 5/12,billing_reminder
confirmacion: pago de $9166 realizado con exito en Falabella,transaction
your bill of $2923 is due on 7/8. pay now to avoid penalties,billing_reminder
payment of $1341 to Walgreens confirmed,transaction
suspicious activity detected on your account. please review your recent activity,security_alert
alert! you have a pending bonus of $899. activate it within 24h,spam_advertising
thank you for contacting us. your ticket #4259 is being processed,customer_service
tu pago de $259.000 en Rappi fue confirmado,transaction
promocion exclusiva: 70% de descuento en tu siguiente compra en Falabella,promotion_offer
deuda pendiente de $7873. paga antes del 16 para evitar intereses,billing_reminder
monthly subscription of $472 charged to card 2070,transaction
an agent will contact you within the next 16 minutes,customer_service
tu servicio sera suspendido en 3 dias por falta de pago. regulariza ya,billing_reminder
someone logged into your account from Brazil. do you recognize this?,security_alert
transfer of $2429 to account ending in 1444 completed,transaction
your order #44226 is on its way. arrives today between 8:30am and 8:30am,delivery_logistics
use 204180 to verify your identity in our app,otp_verification
your order reached the Los Angeles distribution center,delivery_logistics
felicitaciones! ganaste un premio de $241.000. llama ahora al 358-9601059,spam_advertising
no habia nadie en casa. reprogramamos la entrega de #91620 para manana,delivery_logistics
paga tu servicio antes del 17 para evitar la suspension,billing_reminder
no habia nadie en casa. reprogramamos la entrega de #65112 para manana,delivery_logistics
tu pago de $396.000 en Amazon fue confirmado,transaction
tienes una consulta medica programada para manana. presentate en recepcion a las 10:30am,appointment_reminder
entrega exitosa del pedido #51910. recibiste tu paquete?,delivery_logistics
tu contrato fue renovado exitosamente hasta 6/2025,customer_service
acumula puntos dobles este fin de semana en Rappi,promotion_offer
confirmamos tu cita medica para el 21/10 a las 5:00pm,appointment_reminder
debito automatico de $435.000 procesado en tu cuenta,transaction
you received a transfer of $2549 to your account,transaction
aviso: tienes 1 facturas sin pagar. total adeudado: $6737,billing_reminder
alert: sign in from Canada at 20h. not you? change password,security_alert
order #62873 delayed due to weather. new estimate: tomorrow,delivery_logistics
buy 2 get 1 free on perfumes at Best Buy,promotion_offer
secret method to earn $2142 without leaving home. see how,spam_advertising
953085 is your one-time password. keep it safe,otp_verification
support ticket #2310 opened. our team will respond within 30 hours,customer_service
"codigo de autenticacion: 253557. si no fuiste tu, ignora este mensaje",otp_verification
transaction of $2279 at Uber approved,transaction
your login verification code is 626169,otp_verification
tu pedido llego al centro de distribucion de Valparaiso,delivery_logistics
your complaint #2986 has been escalated to level 2. we will keep you updated,customer_service
factura mensual generada por $600. fecha limite de pago: 4/11,billing_reminder
final notice: invoice of $1755 due today. pay now to avoid service interruption,billing_reminder
reminder: your payment of $1003 is due tomorrow. avoid late fees,billing_reminder
tu suscripcion de $3447 se renueva en 5 dias,billing_reminder
security alert: access from Brazil detected on your account,security_alert
pago exitoso de $3638 en comercio Jumbo,transaction
limited time: 60% off sports gear ends tonight,promotion_offer
acceso no reconocido desde Peru a las 14h. cambia tu contrasena,security_alert
second notice: overdue invoice of $1785. avoid service interruption,billing_reminder
gana $451.000 desde casa. sin experiencia necesaria. registrate ya!,spam_advertising
eres uno de los 5 ganadores seleccionados. actua ahora!,spam_advertising
verification code: 943298. valid for 5 minutes,otp_verification
weekend offer: 50% discount on perfumes at Apple Store,promotion_offer
tu queja fue registrada bajo el numero #8817. te responderemos pronto,customer_service
complete your sign-in with code 584417,otp_verification
compra de $375.000 en Ripley fue marcada como sospechosa. la rechazamos?,security_alert
para continuar ingresa el codigo 994217 en la aplicacion,otp_verification
tu cita oftalmologica fue reagendada para el viernes. confirma respondiendo SI,appointment_reminder
factura mensual generada por $8421. fecha limite de pago: 24/9,billing_reminder
no olvides tu cita con el medico el lunes a las 8:30am,appointment_reminder
your plan change request has been processed successfully,customer_service
transaction of $425 at Walmart approved,transaction
wrong password entered 5 times. account temporarily locked,security_alert
abono de $321.000 recibido en tu cuenta de ahorros,transaction
retiro de $5.000 en cajero automatico fue exitoso,transaction
usa 313446 para verificar tu identidad en nuestra app,otp_verification
paquete #27133 en camino. firma requerida en la entrega,delivery_logistics
your subscription of $2525 renews in 4 days,billing_reminder
tu envio salio del deposito. numero de seguimiento: #56627,delivery_logistics
paquete #85457 en camino. firma requerida en la entrega,delivery_logistics
reembolso de $6333 procesado. veras el credito en 4 dias,customer_service
we could not deliver your package #13864 today. rescheduling for tomorrow,delivery_logistics
health clinic: your follow-up checkup is confirmed for Tuesday,appointment_reminder
pago de servicios por $7412 completado exitosamente,transaction
aprovecha nuestra promo: 3x2 en calzado hasta agotar stock,promotion_offer
liquidacion de ropa: hasta 30% de descuento en Netflix,promotion_offer
payment reminder: $2531 due on 9/6,billing_reminder
your $2271 cashback is ready to use at Netflix,promotion_offer
resolvimos tu caso #9702. como calificarias la atencion?,customer_service
shipment #85766 is now in transit from Los Angeles,delivery_logistics
flash sale: 60% off furniture for the next 24 hours,promotion_offer
segundo aviso: factura vencida de $2291. evita el corte del servicio,billing_reminder
notificacion: tu solicitud #4322 paso a estado en revision,customer_service
oferta exclusiva: 70% de rebaja en tu proxima compra en Uber,promotion_offer
se acredito $251.000 en tu cuenta,transaction
el repartidor esta a 6 paradas de tu direccion. prepara tu entrega,delivery_logistics
aprovecha nuestra promo: 3x2 en ropa hasta agotar stock,promotion_offer
tu solicitud de baja fue recibida. procesaremos en 3 dias habiles,customer_service
actualizamos tu ticket #5078 con nueva informacion. revisa tu email,customer_service
transferencia inusual de $301.000 fue bloqueada. confirma si la autorizas,security_alert
tu tarjeta fue usada por $24.000 en Falabella,transaction
aviso de cobro: debes $2655 con vencimiento el 6/1,billing_reminder
purchase of $401 approved at Best Buy,transaction
gana $246.000 desde casa. sin experiencia necesaria. registrate ya!,spam_advertising
your purchase of $2583 at Walmart is confirmed,transaction
tu cuenta fue accedida desde PC Windows no reconocido. revisa ahora,security_alert
tu paquete #47498 esta disponible para retiro en sucursal Buenos Aires,delivery_logistics
debito automatico de $458.000 procesado en tu cuenta,transaction
tu pago de $197.000 en Farmacia Cruz Verde fue confirmado,transaction
you have been selected to win $2804! claim your prize before tomorrow,spam_advertising
ingresa 232378 para confirmar tu acceso,otp_verification
"to cancel your ophthalmology appointment on Tuesday, reply CANCEL",appointment_reminder
you have been selected to win $1190! claim your prize before tomorrow,spam_advertising
you are one of 12 winners selected. act now!,spam_advertising
your request has been received. we will contact you within 1 business days,customer_service
your bill of $544 is due on 3/12. pay now to avoid penalties,billing_reminder
"login from Nigeria detected. if this was not you, secure your account now",security_alert
te esperamos el miercoles a las 9:00am para tu control medico. trae resultados previos,appointment_reminder
tu reclamo #5622 fue escalado a nivel 2. te informaremos pronto,customer_service
tienes un cupon de 50% dcto valido hasta el 15/11,promotion_offer
your service will be suspended in 2 days due to non-payment,billing_reminder
regalo de $7275 en puntos por tu compra en Amazon,promotion_offer
no olvides tu cita con el medico el viernes a las 2:00pm,appointment_reminder
suspicious activity detected on your account. please review your recent activity,security_alert
codigo de acceso: 940247. caduca en 3 minutos,otp_verification
congratulations! you won $1059. call now 320-2241464,spam_advertising
confirmamos tu cita medica para el 6/9 a las 8:30am,appointment_reminder
pago de $345.000 a Shell completado,transaction
seguimiento actualizado: tu paquete #74169 esta en aduana,delivery_logistics
debit of $666 processed on your account,transaction
detectamos un inicio de sesion inusual desde Chile. fuiste tu?,security_alert
unusual login detected from India. was this you?,security_alert
tu factura del mes esta disponible. monto a pagar: $6867,billing_reminder
tu compra de Amazon salio del almacen y va en camino,delivery_logistics
debit of $1460 processed on your account,transaction
tu contrato fue renovado exitosamente hasta 12/2025,customer_service
we confirm your medical appointment for 2/3. bring your id,appointment_reminder
notificacion: tu solicitud #4767 paso a estado en revision,customer_service
atm withdrawal of $2380 was successful,transaction
purchase of $1958 approved at Walmart,transaction
your $324 cashback is ready to use at CVS,promotion_offer
consigue $206.000 adicionales al mes trabajando solo 1 horas al dia,spam_advertising
actualizacion de tu caso #4635: en revision por equipo especializado,customer_service
tu caso esta siendo revisado por nuestro equipo. respuesta en 33 horas,customer_service
tu solicitud de baja fue recibida. procesaremos en 2 dias habiles,customer_service
compra de $460.000 en Ripley fue marcada como sospechosa. la rechazamos?,security_alert
no olvides tu cita con el medico el viernes a las 8:30am,appointment_reminder
confirmacion de cita medica: lunes 24/5 a las 9:30am,appointment_reminder
your medical appointment is confirmed for 17/3 at central clinic,appointment_reminder
health clinic: your medical checkup is confirmed for Friday,appointment_reminder
tu pin de un solo uso es 402020. valido solo por esta sesion,otp_verification
pago exitoso de $5063 en comercio Paris,transaction
oferta flash: 45% off en ropa por las proximas 24 horas,promotion_offer
contrasena incorrecta ingresada 3 veces. cuenta bloqueada temporalmente,security_alert
your driver is 15 stops away. get ready for your delivery,delivery_logistics
your order #51688 is on its way. arrives today between 11:30am and 10:00am,delivery_logistics
your access token is 794093. expires in 3 minutes,otp_verification
transaction of $377 at Walmart approved,transaction
weekend offer: 40% discount on furniture at CVS,promotion_offer
pedido #69424 entregado exitosamente. como fue tu experiencia?,delivery_logistics
an agent will contact you within the next 26 minutes,customer_service
reembolso de $4317 procesado. veras el credito en 5 dias,customer_service
tienes una consulta medica programada para manana. presentate en recepcion a las 10:00am,appointment_reminder
successful transfer of $904 to account 6313,transaction
unusual login detected from India. was this you?,security_alert
aviso de despacho: paquete #13597 en camino desde Bogota,delivery_logistics
we resolved your case #6068. how would you rate our service?,customer_service
your number was drawn! call free 357-7912738 to claim,spam_advertising
tienes un cupon de 15% dcto valido hasta el 21/10,promotion_offer
urgente: ultimo cupo para ganar $459.000. llama ahora al 314-4091420,spam_advertising
tu factura del mes esta disponible. monto a pagar: $8129,billing_reminder
cita medica agendada para el 22/9 a las 10:00am en clinica central,appointment_reminder
exclusive offer just for you! do not miss it: bit.ly/66595,spam_advertising
realizaste una compra de $366.000 con tu tarjeta de credito,transaction
purchase of $328 at Best Buy flagged as suspicious. was this you?,security_alert
resolvimos tu caso #7269. como calificarias la atencion?,customer_service
double points this weekend at Walgreens,promotion_offer
payment notice: you owe $2447 due on 25/7,billing_reminder
your case #9363 has been assigned to an agent. estimated time: 32 hours,customer_service
paga tu factura hoy y evita penalidades. monto: $3420,billing_reminder
realizaste una compra de $98.000 con tu tarjeta de credito,transaction
your driver is 10 stops away. get ready for your delivery,delivery_logistics
card transaction: $516 debited from your account,transaction
tu compra de Rappi salio del almacen y va en camino,delivery_logistics
reembolso de $4622 procesado. veras el credito en 3 dias,customer_service
click here to claim your $2401 reward: www.prize497.com,spam_advertising
2-step verification: use code 823846,otp_verification
no habia nadie en casa. reprogramamos la entrega de #44100 para manana,delivery_logistics
urgente: ultimo cupo para ganar $172.000. llama ahora al 308-3025773,spam_advertising
descuento especial del 30% para clientes frecuentes de Easy,promotion_offer
your cancellation request #8133 has been received and is being processed,customer_service
failed login attempt 2 times. your account has been locked,security_alert
please confirm your medical appointment for tomorrow by replying YES,appointment_reminder
overdue balance: $2259. pay before 3/5 to avoid interest,billing_reminder
confirmacion: pago de $4423 realizado con exito en Falabella,transaction
descuento especial del 10% para clientes frecuentes de Amazon,promotion_offer
codigo de confirmacion de transaccion: 736553,otp_verification
we resolved your case #6868. how would you rate our service?,customer_service
2-step verification: use code 717476,otp_verification
shipment #86923 is now in transit from Phoenix,delivery_logistics
card transaction: $878 debited from your account,transaction
tracking update: your parcel #84870 is at the sorting facility,delivery_logistics
reminder: your payment of $2349 is due tomorrow. avoid late fees,billing_reminder
you received a transfer of $749 to your account,transaction
wrong password entered 3 times. account temporarily locked,security_alert
intento de entrega fallido para pedido #17362. reagenda en nuestra app,delivery_logistics
"authentication code: 197736. if this was not you, ignore this message",otp_verification
hemos recibido tu pago. tu servicio fue reactivado,customer_service
health clinic: your dermatology checkup is confirmed for Thursday,appointment_reminder
paga tu factura hoy y evita penalidades. monto: $2878,billing_reminder
cerramos tu ticket #2264 por resolucion exitosa. gracias por contactarnos,customer_service
verificacion requerida: acceso sospechoso desde Tokyo,security_alert
aviso de cobro: debes $7146 con vencimiento el 27/12,billing_reminder
suspicious activity detected on your account. please review your recent activity,security_alert
tu cuenta tiene un saldo pendiente de $5703. regulariza tu situacion,billing_reminder
your $1180 cashback is ready to use at Amazon,promotion_offer
oferta de temporada: 60% menos en libros,promotion_offer
security alert: access from Tokyo detected on your account,security_alert
seasonal promo: 20% off all perfumes at CVS,promotion_offer
exclusive offer just for you! do not miss it: bit.ly/38759,spam_advertising
atm withdrawal of $2395 was successful,transaction
codigo de confirmacion de transaccion: 809176,otp_verification
pagaste $244.000 en Rappi,transaction
paga tu factura hoy y evita penalidades. monto: $1922,billing_reminder
replica este metodo secreto y gana $243.000 sin salir de casa. mira como,spam_advertising
codigo temporal 130353 para completar tu registro,otp_verification
urgente: ultimo cupo para ganar $106.000. llama ahora al 371-1581986,spam_advertising
metodo probado para ganar $398.000 por semana. sin inversion inicial,spam_advertising
para continuar ingresa el codigo 591081 en la aplicacion,otp_verification
your card ending in 2604 was charged $212 at Shell,transaction
your doctor appointment has been rescheduled to Friday at 3:00pm,appointment_reminder
your complaint #9185 has been escalated to level 2. we will keep you updated,customer_service
weekend offer: 40% discount on perfumes at Walmart,promotion_offer
your case #8905 has been assigned to an agent. estimated time: 12 hours,customer_service
actualizamos tu ticket #4714 con nueva informacion. revisa tu email,customer_service
tu contrato fue renovado exitosamente hasta 3/2026,customer_service
seguimiento actualizado: tu paquete #37772 esta en aduana,delivery_logistics
tu pin de un solo uso es 194511. valido solo por esta sesion,otp_verification
pago de $286.000 a Jumbo completado,transaction
tu envio #52413 de Falabella fue confirmado y esta en preparacion,delivery_logistics
we updated your ticket #6990 with new information. check your email,customer_service
limited time: 45% off perfumes ends tonight,promotion_offer
felicitaciones! ganaste un premio de $4.000. llama ahora al 322-2495541,spam_advertising
oferta unica! accede ahora antes de que expire: bit.ly/19557,spam_advertising
your dermatology appointment is confirmed for 27/4 at central clinic,appointment_reminder
we could not deliver your package #84302 today. rescheduling for tomorrow,delivery_logistics
codigo de acceso: 488028. caduca en 3 minutos,otp_verification
transferencia exitosa de $178.000 a cuenta terminada en 9728,transaction
suscripcion mensual de $9438 cobrada a tarjeta 1590,transaction
tienes una factura pendiente de $6056. paga antes del 13/11 para evitar recargos,billing_reminder
tu envio #14073 de Netflix fue confirmado y esta en preparacion,delivery_logistics
flash sale: 50% off shoes for the next 24 hours,promotion_offer
your dental clinic appointment is scheduled for tomorrow at 3:30pm,appointment_reminder
te esperamos el lunes a las 4:30pm para tu control medico. trae resultados previos,appointment_reminder
2x1 en libros en Paris. solo hoy!,promotion_offer
"tu cita en la clinica es en 24 horas, a las 9:30am. lleva tu carnet",appointment_reminder
se acredito $224.000 en tu cuenta,transaction
oferta de temporada: 70% menos en perfumes,promotion_offer
earn $1729 from home. no experience needed. sign up now!,spam_advertising
your subscription of $2788 renews in 3 days,billing_reminder
rebaja de 20% en electrodomesticos en Falabella solo este mes,promotion_offer
survey: how was your experience with our customer service team?,customer_service
your session was closed due to suspicious activity. please log in again,security_alert
delivery attempt failed for order #77300. reschedule in our app,delivery_logistics
click here to claim your $2912 reward: www.prize545.com,spam_advertising
your access token is 664742. expires in 3 minutes,otp_verification
tu caso esta siendo revisado por nuestro equipo. respuesta en 42 horas,customer_service
use 220465 to verify your identity in our app,otp_verification
notificacion: tu solicitud #8076 paso a estado en revision,customer_service
recordatorio de pago: $3306 con vencimiento el 3/5,billing_reminder
tracking update: your parcel #64451 is at the sorting facility,delivery_logistics
oferta flash: 35% off en muebles por las proximas 24 horas,promotion_offer
recordatorio: manana tienes cita con el doctor a las 3:00pm. llega 10 min antes,appointment_reminder
exclusive offer just for you! do not miss it: bit.ly/17120,spam_advertising
see you on Thursday at 8:00am for your dental visit,appointment_reminder
tu cita odontologica fue reagendada para el martes. confirma respondiendo SI,appointment_reminder
your order reached the Phoenix distribution center,delivery_logistics
your subscription of $443 renews in 3 days,billing_reminder
liquidacion de calzado: hasta 30% de descuento en Falabella,promotion_offer
paquete #53910 fue despachado desde Buenos Aires. llega en 4 dias habiles,delivery_logistics
546980 is your one-time password. keep it safe,otp_verification
secret method to earn $693 without leaving home. see how,spam_advertising
tu sesion fue cerrada por seguridad desde ip desconocida. ingresa nuevamente,security_alert
paquete #60134 fue despachado desde Buenos Aires. llega en 3 dias habiles,delivery_logistics
reminder: your payment of $2201 is due tomorrow. avoid late fees,billing_reminder
trabajo desde casa ganando $276.000 al mes. cupos limitados! entra ya,spam_advertising
two-factor authentication code: 221761,otp_verification
gana puntos canjeables por $457.000. solo hoy! ingresa tu numero,spam_advertising
tu suscripcion de $995 se renueva en 1 dias,billing_reminder
tienes una factura pendiente de $4509. paga antes del 18/5 para evitar recargos,billing_reminder
para continuar ingresa el codigo 583863 en la aplicacion,otp_verification
tu cashback de $8988 esta disponible para usar en Lider,promotion_offer
recordatorio: el debito automatico de $2093 se ejecutara el 15/5,billing_reminder
your refund of $2295 has been approved. it will be credited in 10 business days,customer_service
your dermatology appointment is confirmed for 23/11 at central clinic,appointment_reminder
tu factura del mes esta disponible. monto a pagar: $6082,billing_reminder
recordatorio de cita odontologica: martes a las 9:00am,appointment_reminder
envio gratis en tu proxima compra en Uber. valido esta semana,promotion_offer
confirmacion de identidad requerida. tu codigo: 182804,otp_verification
segundo intento de entrega para #27840 sera manana a las 4:00pm,delivery_logistics
tu reserva en clinica dental es manana 7/10 a las 2:00pm,appointment_reminder
tu verificacion telefonica: 882824,otp_verification
alerta! tu cuenta tiene un bono de $8347 pendiente. activalo en 24h,spam_advertising
oferta exclusiva: 10% de rebaja en tu proxima compra en Amazon,promotion_offer
we resolved your case #6113. how would you rate our service?,customer_service
te regalamos $9760 en creditos. canjealos antes de que expiren hoy,spam_advertising
enter 797660 to confirm your access,otp_verification
debit of $2390 processed on your account,transaction
paquete #99417 fue despachado desde Santiago. llega en 4 dias habiles,delivery_logistics
notificacion de cobro: se intentara debitar $594 de tu cuenta el 20/8,billing_reminder
oferta de temporada: 70% menos en calzado,promotion_offer
nuevo dispositivo Mac accedio a tu cuenta. si no fuiste tu cambia tu contrasena ya,security_alert
has sido preseleccionado para ganar $313.000. confirma tus datos ya,spam_advertising
monthly subscription of $1137 charged to card 9595,transaction
aprovecha nuestra promo: 3x2 en libros hasta agotar stock,promotion_offer
order #30591 delayed due to weather. new estimate: tomorrow,delivery_logistics
suscripcion mensual de $900 cobrada a tarjeta 1757,transaction
detectamos un acceso desde Espana. si no fuiste tu bloquea tu cuenta,security_alert
pagaste $450.000 en Rappi,transaction
tu compra de Lider salio del almacen y va en camino,delivery_logistics
secret method to earn $576 without leaving home. see how,spam_advertising
your number was drawn! call free 328-5662844 to claim,spam_advertising
oferta unica! accede ahora antes de que expire: bit.ly/63150,spam_advertising
hospital norte: recordatorio de tu turno de control manana,appointment_reminder
your subscription of $488 renews in 6 days,billing_reminder
rebaja de 45% en perfumes en Amazon solo este mes,promotion_offer
paga tu servicio antes del 2 para evitar la suspension,billing_reminder
suspicious activity detected on your account. please review your recent activity,security_alert
oferta de temporada: 35% menos en deportes,promotion_offer
encuesta: como fue tu experiencia con nuestro servicio al cliente?,customer_service
paquete #30922 en camino. firma requerida en la entrega,delivery_logistics
se debito $358.000 de tu cuenta corriente terminada en 7924,transaction
your otp code is 739717. do not share it with anyone,otp_verification
deuda pendiente de $5944. paga antes del 27 para evitar intereses,billing_reminder
atm withdrawal of $652 was successful,transaction
paga tu factura hoy y evita penalidades. monto: $1245,billing_reminder
aprovecha nuestra promo: 3x2 en ropa hasta agotar stock,promotion_offer
alerta: login desde Paris registrado. si no fuiste tu actua ahora,security_alert
your case #2037 has been assigned to an agent. estimated time: 43 hours,customer_service
tu pedido #42053 esta en camino. llega hoy entre 8:00am y 11:30am,delivery_logistics
suscripcion mensual de $4005 cobrada a tarjeta 2052,transaction
oferta de inversion: duplica tu dinero en 30 dias. 100% garantizado,spam_advertising
card transaction: $1985 debited from your account,transaction
you are one of 12 winners selected. act now!,spam_advertising
has sido preseleccionado para ganar $33.000. confirma tus datos ya,spam_advertising
an agent will contact you within the next 35 minutes,customer_service
tienes una consulta medica programada para manana. presentate en recepcion a las 3:30pm,appointment_reminder
debit of $671 processed on your account,transaction
reminder: your payment of $659 is due tomorrow. avoid late fees,billing_reminder
ultimas horas: 40% de descuento en perfumes. no te lo pierdas,promotion_offer
urgente: ultimo cupo para ganar $148.000. llama ahora al 309-2834838,spam_advertising
haz clic aqui y reclama tu regalo de $60.000: www.premio43.com,spam_advertising
oferta exclusiva: 20% de rebaja en tu proxima compra en Netflix,promotion_offer
tracking update: your parcel #30836 is at the sorting facility,delivery_logistics
your cancellation request #1159 has been received and is being processed,customer_service
aviso de despacho: paquete #49121 en camino desde Lima,delivery_logistics
te esperamos el jueves a las 8:30am para tu control medico. trae resultados previos,appointment_reminder
tu pedido #17679 esta siendo preparado para despacho,delivery_logistics
atm withdrawal of $1456 was successful,transaction
cargo exitoso de $6264 a tarjeta terminada en 8434,transaction
never share this code: 219346. we will never ask for it,otp_verification
alerta: cambio de contrasena realizado. si no lo hiciste contactanos de inmediato,security_alert
proven method to earn $2791 per week. no upfront investment,spam_advertising
"to cancel your ophthalmology appointment on Friday, reply CANCEL",appointment_reminder
alerta de seguridad: tu correo asociado fue cambiado. si no fuiste tu contactanos,security_alert
te esperamos el jueves a las 9:00am para tu control medico. trae resultados previos,appointment_reminder
we updated your ticket #5799 with new information. check your email,customer_service
tu paquete #85223 esta disponible para retiro en sucursal Lima,delivery_logistics
"authentication code: 393328. if this was not you, ignore this message",otp_verification
hemos recibido tu pago. tu servicio fue reactivado,customer_service
tu cuenta fue accedida desde PC Windows no reconocido. revisa ahora,security_alert
cargo exitoso de $2030 a tarjeta terminada en 4848,transaction
entrega exitosa del pedido #21847. recibiste tu paquete?,delivery_logistics
tu contrato fue renovado exitosamente hasta 5/2026,customer_service
buy 2 get 1 free on shoes at Best Buy,promotion_offer
we confirm your medical appointment for 11/8. bring your id,appointment_reminder
cita medica agendada para el 28/7 a las 9:30am en clinica central,appointment_reminder
your refund of $2545 has been approved. it will be credited in 6 business days,customer_service
thank you for contacting us. your ticket #6328 is being processed,customer_service
gana $150.000 desde casa. sin experiencia necesaria. registrate ya!,spam_advertising
buy 2 get 1 free on books at Apple Store,promotion_offer
pago de $313.000 a Farmacia Cruz Verde completado,transaction
se debito $380.000 de tu cuenta corriente terminada en 8239,transaction
actualizacion de tu caso #6688: en revision por equipo especializado,customer_service
we could not deliver your package #17850 today. rescheduling for tomorrow,delivery_logistics
see you on Friday at 5:00pm for your follow-up visit,appointment_reminder
automated profit system! generate $781 while you sleep,spam_advertising
your cancellation request #9859 has been received and is being processed,customer_service
free shipping on orders over $2183 at Walgreens,promotion_offer
no olvides tu cita con el medico el martes a las 8:30am,appointment_reminder
tu pago de $208.000 en Farmacia Cruz Verde fue confirmado,transaction
replica este metodo secreto y gana $259.000 sin salir de casa. mira como,spam_advertising
tu reserva en clinica dental es manana 23/11 a las 8:00am,appointment_reminder
promo especial: lleva 3 y paga 2 en libros,promotion_offer
your order #45313 is on its way. arrives today between 3:30pm and 11:00am,delivery_logistics
hospital norte: recordatorio de tu turno dermatologica manana,appointment_reminder
your order reached the Houston distribution center,delivery_logistics
exclusive offer just for you! do not miss it: bit.ly/65067,spam_advertising
segundo intento de entrega para #62505 sera manana a las 10:30am,delivery_logistics
transaction confirmation code: 437408. do not share it,otp_verification
tu tarjeta fue usada por $393.000 en Easy,transaction
second notice: overdue invoice of $1415. avoid service interruption,billing_reminder
727086 es tu clave temporal de ingreso. no la compartas,otp_verification
oferta exclusiva: 70% de rebaja en tu proxima compra en Rappi,promotion_offer
package #51160 is out for delivery. signature required,delivery_logistics
sale: todos los muebles a 20% de descuento en Farmacia Cruz Verde,promotion_offer
tu envio #46042 de Amazon fue confirmado y esta en preparacion,delivery_logistics
tu pago de $230.000 en Rappi fue confirmado,transaction
security alert: access from Paris detected on your account,security_alert
sale: todos los perfumes a 60% de descuento en Jumbo,promotion_offer
your number was drawn! call free 382-6635087 to claim,spam_advertising
your purchase of $2146 at Best Buy is confirmed,transaction
20% off on furniture only today at CVS,promotion_offer
your access token is 177060. expires in 3 minutes,otp_verification
aviso: tu hora medica fue confirmada para el 18/1,appointment_reminder
has sido preseleccionado para ganar $172.000. confirma tus datos ya,spam_advertising
tu tarjeta fue usada por $360.000 en Shell,transaction
codigo de verificacion: 238205. valido por 5 minutos,otp_verification
special deal: buy one get one 30% off at Apple Store,promotion_offer
your refund of $371 has been approved. it will be credited in 6 business days,customer_service
transferencia inusual de $462.000 fue bloqueada. confirma si la autorizas,security_alert
consigue $256.000 adicionales al mes trabajando solo 4 horas al dia,spam_advertising
verification code: 678727. valid for 5 minutes,otp_verification
paquete #95904 fue despachado desde Bogota. llega en 3 dias habiles,delivery_logistics
metodo probado para ganar $78.000 por semana. sin inversion inicial,spam_advertising
we resolved your case #4614. how would you rate our service?,customer_service
tu turno medica es manana a las 4:30pm. no faltes,appointment_reminder
"to cancel your ophthalmology appointment on Thursday, reply CANCEL",appointment_reminder
ultimas horas: 35% de descuento en tecnologia. no te lo pierdas,promotion_offer
survey: how was your experience with our customer service team?,customer_service
transferencia exitosa de $441.000 a cuenta terminada en 6413,transaction
tu reserva en clinica dental es manana 22/2 a las 10:00am,appointment_reminder
eres el ganador seleccionado de $406.000! reclama tu premio antes de manana,spam_advertising
verificacion en 2 pasos: usa el codigo 343467,otp_verification
gracias por contactarnos. tu ticket #5660 esta en proceso,customer_service
confirmacion de cita medica: martes 9/3 a las 10:00am,appointment_reminder
trabajo desde casa ganando $439.000 al mes. cupos limitados! entra ya,spam_advertising
alert! you have a pending bonus of $2989. activate it within 24h,spam_advertising
codigo de confirmacion de transaccion: 444519,otp_verification
congratulations! you won $2176. call now 387-1688161,spam_advertising
your access token is 339592. expires in 3 minutes,otp_verification
metodo probado para ganar $73.000 por semana. sin inversion inicial,spam_advertising
felicitaciones! ganaste un premio de $79.000. llama ahora al 333-6036006,spam_advertising
invierte $6415 hoy y gana $204.000 en 48 horas garantizado,spam_advertising
purchase of $2409 at Amazon flagged as suspicious. was this you?,security_alert
seasonal promo: 45% off all perfumes at Walmart,promotion_offer
alerta: login desde Peru registrado. si no fuiste tu actua ahora,security_alert
tu tarjeta fue usada por $226.000 en Ripley,transaction
operacion bancaria: debito de $121.000 procesado correctamente,transaction
hemos recibido tu pago. tu servicio fue reactivado,customer_service
tu cashback de $2608 esta disponible para usar en Ripley,promotion_offer
pay your bill today and avoid penalties,billing_reminder
your ophthalmology appointment is tomorrow at 2:00pm. please do not miss it,appointment_reminder
2x1 en ropa en Netflix. solo hoy!,promotion_offer
contrasena incorrecta ingresada 3 veces. cuenta bloqueada temporalmente,security_alert
tu solicitud de baja fue recibida. procesaremos en 5 dias habiles,customer_service
please confirm your medical appointment for tomorrow by replying YES,appointment_reminder
second notice: overdue invoice of $2484. avoid service interruption,billing_reminder
felicitaciones! ganaste un premio de $478.000. llama ahora al 304-7551231,spam_advertising
tu devolucion de $6936 fue aprobada. acreditaremos en 10 dias habiles,customer_service
proven method to earn $480 per week. no upfront investment,spam_advertising
support ticket #8168 opened. our team will respond within 36 hours,customer_service
intento de acceso fallido 3 veces en tu cuenta. la bloqueamos por seguridad,security_alert
tu suscripcion de $5823 se renueva en 7 dias,billing_reminder
reminder: you have a follow-up appointment on Thursday at 4:00pm,appointment_reminder
your subscription of $1335 renews in 4 days,billing_reminder
promo especial: lleva 3 y paga 2 en muebles,promotion_offer
clinica central: tu consulta del 22/3 esta confirmada,appointment_reminder
"authentication code: 651640. if this was not you, ignore this message",otp_verification
tu paquete #75035 esta disponible para retiro en sucursal Valparaiso,delivery_logistics
payment reminder: $2722 due on 17/1,billing_reminder
codigo temporal 780776 para completar tu registro,otp_verification
we resolved your case #7564. how would you rate our service?,customer_service
aviso de cobro: debes $1994 con vencimiento el 4/12,billing_reminder
para recuperar tu contrasena usa el codigo 171942,otp_verification
your medical appointment is confirmed for 22/4 at central clinic,appointment_reminder
shipment #45203 is now in transit from Chicago,delivery_logistics
your cancellation request #1807 has been received and is being processed,customer_service
codigo de verificacion: 760626. valido por 5 minutos,otp_verification
inicio de sesion desde China en tu cuenta. reconoces este acceso?,security_alert
"new device iPhone accessed your account. if this was not you, change your password now",security_alert
card transaction: $2994 debited from your account,transaction
someone logged into your account from China. do you recognize this?,security_alert
thank you for contacting us. your ticket #6303 is being processed,customer_service
no habia nadie en casa. reprogramamos la entrega de #33010 para manana,delivery_logistics
pago exitoso de $9824 en comercio Amazon,transaction
transferencia inusual de $266.000 fue bloqueada. confirma si la autorizas,security_alert
verificacion en 2 pasos: usa el codigo 926952,otp_verification
retiro de $484.000 en cajero automatico fue exitoso,transaction
envio gratis en tu proxima compra en Paris. valido esta semana,promotion_offer
your refund of $909 has been approved. it will be credited in 4 business days,customer_service
tu solicitud de cambio de plan fue procesada exitosamente,customer_service
tu contrato fue renovado exitosamente hasta 10/2025,customer_service
transferencia exitosa de $2.000 a cuenta terminada en 6464,transaction
complete your sign-in with code 539486,otp_verification
notificacion de cobro: se intentara debitar $852 de tu cuenta el 2/4,billing_reminder
confirmacion de cita medica: martes 25/8 a las 9:30am,appointment_reminder
actualizacion de tu caso #2276: en revision por equipo especializado,customer_service
we confirm your medical appointment for 21/9. bring your id,appointment_reminder
rebaja de 70% en electrodomesticos en Rappi solo este mes,promotion_offer
we confirm your medical appointment for 25/12. bring your id,appointment_reminder
your plan change request has been processed successfully,customer_service
tu solicitud de baja fue recibida. procesaremos en 3 dias habiles,customer_service
tu numero fue sorteado! llama gratis al 358-3791109 para reclamar,spam_advertising
buy 2 get 1 free on sports gear at Apple Store,promotion_offer
alerta de seguridad: tu correo asociado fue cambiado. si no fuiste tu contactanos,security_alert
paquete #82561 en camino. firma requerida en la entrega,delivery_logistics
promocion exclusiva: 30% de descuento en tu siguiente compra en Ripley,promotion_offer
tu suscripcion de $4393 se renueva en 3 dias,billing_reminder
514991 es tu clave temporal de ingreso. no la compartas,otp_verification
your refund request is under review. we will notify you within 5 business days,customer_service
liquidacion de calzado: hasta 60% de descuento en Shell,promotion_offer
you have been selected to win $651! claim your prize before tomorrow,spam_advertising
hemos recibido tu pago. tu servicio fue reactivado,customer_service
pay your bill today and avoid penalties,billing_reminder
contrasena incorrecta ingresada 5 veces. cuenta bloqueada temporalmente,security_alert
tu pedido #53911 esta en camino. llega hoy entre 8:00am y 4:00pm,delivery_logistics
"authentication code: 865054. if this was not you, ignore this message",otp_verification
recordatorio: tienes cita de control el lunes a las 8:00am,appointment_reminder
your subscription of $1165 renews in 5 days,billing_reminder
shipment #49171 is now in transit from New York,delivery_logistics
114594 is your one-time password. keep it safe,otp_verification
recordatorio de pago: $3544 con vencimiento el 14/10,billing_reminder
segundo aviso: factura vencida de $2177. evita el corte del servicio,billing_reminder
gracias por contactarnos. tu ticket #2153 esta en proceso,customer_service
urgente: ultimo cupo para ganar $81.000. llama ahora al 303-9137979,spam_advertising
"codigo de autenticacion: 467121. si no fuiste tu, ignora este mensaje",otp_verification
autenticacion de dos factores: 455007 es tu codigo,otp_verification
oferta flash: 60% off en libros por las proximas 24 horas,promotion_offer
tu servicio sera suspendido en 2 dias por falta de pago. regulariza ya,billing_reminder
tu pedido #60202 esta siendo preparado para despacho,delivery_logistics
verificacion en 2 pasos: usa el codigo 502219,otp_verification
tu sesion fue cerrada por seguridad desde ip desconocida. ingresa nuevamente,security_alert
two-factor authentication code: 255813,otp_verification
promo exclusiva solo para ti! no te lo pierdas: www.oferta634.com,spam_advertising
factura mensual generada por $6293. fecha limite de pago: 3/3,billing_reminder
use 327823 to verify your identity in our app,otp_verification
reminder: your payment of $956 is due tomorrow. avoid late fees,billing_reminder
special deal: buy one get one 10% off at Best Buy,promotion_offer
members only: 40% discount at Walgreens this week,promotion_offer
detectamos un acceso desde China. si no fuiste tu bloquea tu cuenta,security_alert
oferta flash: 20% off en ropa por las proximas 24 horas,promotion_offer
codigo de confirmacion de transaccion: 514463,otp_verification
autenticacion de dos factores: 127121 es tu codigo,otp_verification
verificacion requerida: acceso sospechoso desde Mexico,security_alert
we confirm your medical appointment for 20/2. bring your id,appointment_reminder
hemos recibido tu pago. tu servicio fue reactivado,customer_service
contrasena incorrecta ingresada 3 veces. cuenta bloqueada temporalmente,security_alert
segundo aviso: factura vencida de $4226. evita el corte del servicio,billing_reminder
exclusive offer: 30% discount on your next purchase at Amazon,promotion_offer
aviso de despacho: paquete #26691 en camino desde Valparaiso,delivery_logistics
your dental appointment is tomorrow at 2:00pm. please do not miss it,appointment_reminder
transaccion de $105.000 aprobada en Shell,transaction
buy 2 get 1 free on sports gear at Shell,promotion_offer
hospital norte: recordatorio de tu turno medica manana,appointment_reminder
intento de entrega fallido para pedido #50620. reagenda en nuestra app,delivery_logistics
your plan change request has been processed successfully,customer_service
regalo de $2890 en puntos por tu compra en Falabella,promotion_offer
suspicious activity detected on your account. please review your recent activity,security_alert
clave de un solo uso: 717457. expira en 2 minutos,otp_verification
an agent will contact you within the next 53 minutes,customer_service
ultimo aviso: factura de $7563 vence hoy. paga ahora para evitar corte,billing_reminder
oferta de inversion: duplica tu dinero en 23 dias. 100% garantizado,spam_advertising
monthly subscription of $2650 charged to card 9041,transaction
consigue $291.000 adicionales al mes trabajando solo 2 horas al dia,spam_advertising
purchase of $320 at Netflix flagged as suspicious. was this you?,security_alert
wrong password entered 4 times. account temporarily locked,security_alert
oferta unica! accede ahora antes de que expire: bit.ly/13106,spam_advertising
tienes una factura pendiente de $8014. paga antes del 16/8 para evitar recargos,billing_reminder
ultimas horas: 40% de descuento en calzado. no te lo pierdas,promotion_offer
seguimiento actualizado: tu paquete #68925 esta en aduana,delivery_logistics
un agente te contactara en los proximos 51 minutos,customer_service
aprovecha 70% off en toda la tienda Easy este fin de semana,promotion_offer
security alert: access from Canada detected on your account,security_alert
aviso: tienes 3 facturas sin pagar. total adeudado: $8883,billing_reminder
tienes una factura pendiente de $8212. paga antes del 22/1 para evitar recargos,billing_reminder
suscripcion mensual de $4408 cobrada a tarjeta 3068,transaction
encuesta: como fue tu experiencia con nuestro servicio al cliente?,customer_service
work from home earning $762 per month. limited spots! join now,spam_advertising
no olvides tu cita con el medico el jueves a las 11:00am,appointment_reminder
tu turno medica es manana a las 8:00am. no faltes,appointment_reminder
intento de acceso fallido 2 veces en tu cuenta. la bloqueamos por seguridad,security_alert
tu numero fue sorteado! llama gratis al 321-1592675 para reclamar,spam_advertising
"tu cita en la clinica es en 24 horas, a las 8:00am. lleva tu carnet",appointment_reminder
comprando $140.000 o mas en Paris obtenes 50% de descuento,promotion_offer
387813 is your one-time password. keep it safe,otp_verification
seasonal promo: 15% off all sports gear at Target,promotion_offer
shipment #26769 is now in transit from Chicago,delivery_logistics
alerta! tu cuenta tiene un bono de $3968 pendiente. activalo en 24h,spam_advertising
never share this code: 763984. we will never ask for it,otp_verification
sistema automatico de ganancias! genera $142.000 mientras duermes,spam_advertising
60% de descuento en perfumes solo por hoy en Jumbo,promotion_offer
invierte $8252 hoy y gana $297.000 en 48 horas garantizado,spam_advertising
notificacion de cobro: se intentara debitar $6385 de tu cuenta el 4/5,billing_reminder
wrong password entered 4 times. account temporarily locked,security_alert
suspicious activity detected on your account. please review your recent activity,security_alert
385470 is your one-time password. keep it safe,otp_verification
card transaction: $1081 debited from your account,transaction
intento de entrega fallido para pedido #93956. reagenda en nuestra app,delivery_logistics
tu caso #9059 fue asignado a un agente. tiempo estimado: 31 horas,customer_service
your monthly invoice is ready. amount due: $39,billing_reminder
suspicious activity detected on your account. please review your recent activity,security_alert
encuesta: como fue tu experiencia con nuestro servicio al cliente?,customer_service
"new device PC Windows accessed your account. if this was not you, change your password now",security_alert
tu pin de un solo uso es 147549. valido solo por esta sesion,otp_verification
sistema automatico de ganancias! genera $294.000 mientras duermes,spam_advertising
codigo temporal 723948 para completar tu registro,otp_verification
final notice: invoice of $407 due today. pay now to avoid service interruption,billing_reminder
has sido preseleccionado para ganar $324.000. confirma tus datos ya,spam_advertising
urgent: last spot to win $2710. call now 309-8607523,spam_advertising
aviso: tu hora medica fue confirmada para el 16/3,appointment_reminder
tu sesion fue cerrada por seguridad desde ip desconocida. ingresa nuevamente,security_alert
exclusive offer: 45% discount on your next purchase at Uber,promotion_offer
we detected access from Mexico at 4:15. was this you?,security_alert
earn $1607 from home. no experience needed. sign up now!,spam_advertising
your otp code is 499407. do not share it with anyone,otp_verification
your refund of $1904 has been approved. it will be credited in 3 business days,customer_service
we could not deliver your package #95089 today. rescheduling for tomorrow,delivery_logistics
pedido #64949 retrasado por clima. nueva fecha estimada: manana,delivery_logistics
pago exitoso de $8817 en comercio Ripley,transaction
exclusive offer just for you! do not miss it: bit.ly/48769,spam_advertising
your plan change request has been processed successfully,customer_service
no olvides tu cita con el medico el lunes a las 10:00am,appointment_reminder
confirmacion de cita medica: lunes 14/8 a las 11:00am,appointment_reminder
please confirm your medical appointment for tomorrow by replying YES,appointment_reminder
one-time pin: 464863. valid for this session only,otp_verification
paga tu factura hoy y evita penalidades. monto: $4438,billing_reminder
tu cita odontologica fue reagendada para el lunes. confirma respondiendo SI,appointment_reminder
tu solicitud de cambio de plan fue procesada exitosamente,customer_service
transferencia inusual de $267.000 fue bloqueada. confirma si la autorizas,security_alert
recordatorio: tu pago de $9037 vence manana. evita penalidades,billing_reminder
click here to claim your $2848 reward: www.prize838.com,spam_advertising
your security code is 504832. expires in 10 minutes,otp_verification
contrasena incorrecta ingresada 5 veces. cuenta bloqueada temporalmente,security_alert
clave de un solo uso: 621841. expira en 2 minutos,otp_verification
tu verificacion telefonica: 338536,otp_verification
compra aprobada por $288.000 en Jumbo,transaction
993140 es tu clave temporal de ingreso. no la compartas,otp_verification
40% off on furniture only today at Target,promotion_offer
tu numero fue sorteado! llama gratis al 332-4239337 para reclamar,spam_advertising
recuerda tu consulta medica manana a las 3:00pm en policlinico norte,appointment_reminder
payment of $2584 to CVS confirmed,transaction
tu caso #4814 fue asignado a un agente. tiempo estimado: 6 horas,customer_service
ingresa 557409 para confirmar tu acceso,otp_verification
your follow-up appointment is confirmed for 3/4 at central clinic,appointment_reminder
use 951201 to verify your identity in our app,otp_verification
649414 is your one-time password. keep it safe,otp_verification
your refund request is under review. we will notify you within 1 business days,customer_service
actividad sospechosa detectada en tu cuenta. accede y revisa tus movimientos,security_alert
"authentication code: 403578. if this was not you, ignore this message",otp_verification
oferta de temporada: 40% menos en tecnologia,promotion_offer
gana $460.000 desde casa. sin experiencia necesaria. registrate ya!,spam_advertising
your bill of $630 is due on 14/5. pay now to avoid penalties,billing_reminder
package #21128 is out for delivery. signature required,delivery_logistics
your $1091 payment to Target was processed,transaction
no compartas este codigo: 535673. nadie te lo pedira,otp_verification
verificacion en 2 pasos: usa el codigo 622584,otp_verification
notificacion de cobro: se intentara debitar $3105 de tu cuenta el 16/7,billing_reminder
reminder: your payment of $950 is due tomorrow. avoid late fees,billing_reminder
cerramos tu ticket #7216 por resolucion exitosa. gracias por contactarnos,customer_service
"alert: password was changed. if you did not do this, contact us immediately",security_alert
clinica central: tu consulta del 28/8 esta confirmada,appointment_reminder
reembolso de $9726 procesado. veras el credito en 7 dias,customer_service
one-time pin: 211834. valid for this session only,otp_verification
actualizacion de tu caso #9591: en revision por equipo especializado,customer_service
cargo exitoso de $970 a tarjeta terminada en 9098,transaction
notificacion: tu solicitud #2373 paso a estado en revision,customer_service
detectamos un inicio de sesion inusual desde Tokyo. fuiste tu?,security_alert
te regalamos $9899 en creditos. canjealos antes de que expiren hoy,spam_advertising
seasonal promo: 35% off all perfumes at Amazon,promotion_offer
click here to claim your $1900 reward: www.prize286.com,spam_advertising
special deal: buy one get one 45% off at CVS,promotion_offer
you are one of 7 winners selected. act now!,spam_advertising
aviso: tu hora dermatologica fue confirmada para el 5/2,appointment_reminder
you spent $787 at Amazon,transaction
tu turno oftalmologica es manana a las 4:00pm. no faltes,appointment_reminder
purchase of $1341 at Walmart flagged as suspicious. was this you?,security_alert
alguien ingreso a tu cuenta desde Chile a las 16:15,security_alert
172965 is your one-time password. keep it safe,otp_verification
tu solicitud de baja fue recibida. procesaremos en 3 dias habiles,customer_service
deuda pendiente de $8801. paga antes del 18 para evitar intereses,billing_reminder
tu cuenta tiene un saldo pendiente de $2869. regulariza tu situacion,billing_reminder
purchase of $1901 at CVS flagged as suspicious. was this you?,security_alert
verificacion en 2 pasos: usa el codigo 876962,otp_verification
second notice: overdue invoice of $384. avoid service interruption,billing_reminder
your driver is 12 stops away. get ready for your delivery,delivery_logistics
transaction of $882 at Shell approved,transaction
atm withdrawal of $2714 was successful,transaction
enter 329642 to confirm your access,otp_verification
cerramos tu ticket #3734 por resolucion exitosa. gracias por contactarnos,customer_service
invierte $3673 hoy y gana $58.000 en 48 horas garantizado,spam_advertising
tu compra de Easy salio del almacen y va en camino,delivery_logistics
clearance sale: up to 25% off shoes at CVS,promotion_offer
exclusive offer: 15% discount on your next purchase at CVS,promotion_offer
use 805511 to verify your identity in our app,otp_verification
sale: todos los calzado a 25% de descuento en Uber,promotion_offer
consigue $428.000 adicionales al mes trabajando solo 3 horas al dia,spam_advertising
paga tu servicio antes del 25 para evitar la suspension,billing_reminder
notificacion: tu solicitud #8317 paso a estado en revision,customer_service
detectamos un acceso desde Tokyo. si no fuiste tu bloquea tu cuenta,security_alert
cita medica agendada para el 6/8 a las 5:00pm en clinica central,appointment_reminder
tu cuenta tiene un saldo pendiente de $3666. regulariza tu situacion,billing_reminder
cargo de $4314 aplicado a tu tarjeta terminada en 2654,transaction
confirmacion: pago de $4180 realizado con exito en Jumbo,transaction
pago exitoso de $8986 en comercio Paris,transaction
your dermatology appointment is tomorrow at 11:00am. please do not miss it,appointment_reminder
failed login attempt 4 times. your account has been locked,security_alert
tu compra de Farmacia Cruz Verde salio del almacen y va en camino,delivery_logistics
delivery attempt failed for order #19808. reschedule in our app,delivery_logistics
contrasena incorrecta ingresada 3 veces. cuenta bloqueada temporalmente,security_alert
you spent $1034 at Shell,transaction
reembolso de $9839 procesado. veras el credito en 4 dias,customer_service
tu devolucion de $3371 fue aprobada. acreditaremos en 10 dias habiles,customer_service
you are one of 19 winners selected. act now!,spam_advertising
we updated your ticket #9576 with new information. check your email,customer_service
aviso: tienes 3 facturas sin pagar. total adeudado: $6735,billing_reminder
cerramos tu ticket #6175 por resolucion exitosa. gracias por contactarnos,customer_service
your service will be suspended in 2 days due to non-payment,billing_reminder
thank you for contacting us. your ticket #6693 is being processed,customer_service
cerramos tu ticket #7145 por resolucion exitosa. gracias por contactarnos,customer_service
tu pedido #22193 esta siendo preparado para despacho,delivery_logistics
tu reclamo #9538 fue escalado a nivel 2. te informaremos pronto,customer_service
work from home earning $1968 per month. limited spots! join now,spam_advertising
someone logged into your account from Brazil. do you recognize this?,security_alert
confirmacion: pago de $8808 realizado con exito en Amazon,transaction
pedido #71674 entregado exitosamente. como fue tu experiencia?,delivery_logistics
actualizamos tu ticket #5224 con nueva informacion. revisa tu email,customer_service
you are one of 8 winners selected. act now!,spam_advertising
notificacion: tu solicitud #3776 paso a estado en revision,customer_service
oferta de inversion: duplica tu dinero en 26 dias. 100% garantizado,spam_advertising
transaccion de $475.000 aprobada en Paris,transaction
hemos recibido tu pago. tu servicio fue reactivado,customer_service
your medical appointment is tomorrow at 3:30pm. please do not miss it,appointment_reminder
contrasena incorrecta ingresada 5 veces. cuenta bloqueada temporalmente,security_alert
"tu cita en la clinica es en 24 horas, a las 8:30am. lleva tu carnet",appointment_reminder
urgent: last spot to win $1192. call now 382-4407796,spam_advertising
tu solicitud de baja fue recibida. procesaremos en 3 dias habiles,customer_service
deuda pendiente de $9082. paga antes del 5 para evitar intereses,billing_reminder
recordatorio: manana tienes cita con el doctor a las 4:00pm. llega 10 min antes,appointment_reminder
retiro de $346.000 en cajero automatico fue exitoso,transaction
payment of $1038 to Amazon confirmed,transaction
suspicious activity detected on your account. please review your recent activity,security_alert
your security code is 540226. expires in 10 minutes,otp_verification
tu paquete #10963 esta disponible para retiro en sucursal Medellin,delivery_logistics
compra aprobada por $58.000 en Uber,transaction
your bill of $2528 is due on 1/3. pay now to avoid penalties,billing_reminder
transferencia exitosa de $440.000 a cuenta terminada en 8711,transaction
tienes una factura pendiente de $3912. paga antes del 19/11 para evitar recargos,billing_reminder
wrong password entered 5 times. account temporarily locked,security_alert
promo especial: lleva 3 y paga 2 en libros,promotion_offer
your plan change request has been processed successfully,customer_service
thank you for contacting us. your ticket #1324 is being processed,customer_service
aprovecha 35% off en toda la tienda Uber este fin de semana,promotion_offer
someone logged into your account from Paris. do you recognize this?,security_alert
ultimo aviso: factura de $2776 vence hoy. paga ahora para evitar corte,billing_reminder
operacion bancaria: debito de $310.000 procesado correctamente,transaction
trabajo desde casa ganando $30.000 al mes. cupos limitados! entra ya,spam_advertising
recordatorio: tienes cita medica el miercoles a las 11:30am,appointment_reminder
use 192410 to verify your identity in our app,otp_verification
abono de $443.000 recibido en tu cuenta de ahorros,transaction
your dental appointment is confirmed for 9/7 at central clinic,appointment_reminder
haz clic aqui y reclama tu regalo de $251.000: www.premio399.com,spam_advertising
eres el ganador seleccionado de $419.000! reclama tu premio antes de manana,spam_advertising
atm withdrawal of $901 was successful,transaction
reembolso de $646 procesado. veras el credito en 3 dias,customer_service
exclusive offer just for you! do not miss it: bit.ly/48616,spam_advertising
your dermatology appointment is tomorrow at 10:30am. please do not miss it,appointment_reminder
un agente te contactara en los proximos 27 minutos,customer_service
"to cancel your follow-up appointment on Friday, reply CANCEL",appointment_reminder
your service will be suspended in 3 days due to non-payment,billing_reminder
reminder: your payment of $1563 is due tomorrow. avoid late fees,billing_reminder
buy 2 get 1 free on shoes at Walmart,promotion_offer
tu devolucion de $3133 fue aprobada. acreditaremos en 9 dias habiles,customer_service
operacion bancaria: debito de $284.000 procesado correctamente,transaction
tu envio salio del deposito. numero de seguimiento: #65026,delivery_logistics
aviso de cobro: debes $6784 con vencimiento el 2/2,billing_reminder
your purchase of $1013 at CVS is confirmed,transaction
confirmacion de identidad requerida. tu codigo: 250210,otp_verification
codigo de verificacion: 582087. valido por 5 minutos,otp_verification
"tu cita en la clinica es en 24 horas, a las 4:00pm. lleva tu carnet",appointment_reminder
clave de un solo uso: 844261. expira en 2 minutos,otp_verification
no compartas este codigo: 970813. nadie te lo pedira,otp_verification
your $2006 payment to Netflix was processed,transaction
segundo intento de entrega para #94233 sera manana a las 5:00pm,delivery_logistics
felicitaciones! ganaste un premio de $146.000. llama ahora al 344-6894759,spam_advertising
retiro de $198.000 en cajero automatico fue exitoso,transaction
intento de entrega fallido para pedido #34633. reagenda en nuestra app,delivery_logistics
tu cita medica fue reagendada para el lunes. confirma respondiendo SI,appointment_reminder
tienes una factura pendiente de $5937. paga antes del 7/12 para evitar recargos,billing_reminder
ultimo aviso: factura de $3341 vence hoy. paga ahora para evitar corte,billing_reminder
15% off on clothing only today at Best Buy,promotion_offer
tu queja fue registrada bajo el numero #4885. te responderemos pronto,customer_service
verificacion en 2 pasos: usa el codigo 265056,otp_verification
tu pedido #45269 llega manana. descarga la app para seguirlo en tiempo real,delivery_logistics
your refund request is under review. we will notify you within 4 business days,customer_service
2x1 en ropa en Lider. solo hoy!,promotion_offer
gana $151.000 desde casa. sin experiencia necesaria. registrate ya!,spam_advertising
atm withdrawal of $1688 was successful,transaction
"codigo de autenticacion: 565230. si no fuiste tu, ignora este mensaje",otp_verification
your request has been received. we will contact you within 1 business days,customer_service
appointment reminder: follow-up checkup on Monday. please arrive 10 minutes early,appointment_reminder
recuerda tu consulta medica manana a las 3:30pm en policlinico norte,appointment_reminder
tienes una factura pendiente de $9968. paga antes del 16/12 para evitar recargos,billing_reminder
ultimas horas: 20% de descuento en calzado. no te lo pierdas,promotion_offer
your session was closed due to suspicious activity. please log in again,security_alert
tu tarjeta fue usada por $224.000 en Paris,transaction
acceso no reconocido desde Italia a las 22h. cambia tu contrasena,security_alert
tu paquete #42487 esta disponible para retiro en sucursal Lima,delivery_logistics
members only: 50% discount at Netflix this week,promotion_offer
para recuperar tu contrasena usa el codigo 416061,otp_verification
deuda pendiente de $7811. paga antes del 10 para evitar intereses,billing_reminder
nuevo dispositivo iPhone accedio a tu cuenta. si no fuiste tu cambia tu contrasena ya,security_alert
recordatorio: el debito automatico de $8846 se ejecutara el 14/9,billing_reminder
aprovecha 15% off en toda la tienda Netflix este fin de semana,promotion_offer
ultimo aviso: factura de $2770 vence hoy. paga ahora para evitar corte,billing_reminder
liquidacion de muebles: hasta 50% de descuento en Farmacia Cruz Verde,promotion_offer
actividad sospechosa detectada en tu cuenta. accede y revisa tus movimientos,security_alert
tu codigo de seguridad es 247594. expira en 10 minutos,otp_verification
tu solicitud de baja fue recibida. procesaremos en 4 dias habiles,customer_service
alert: sign in from China at 21h. not you? change password,security_alert
your plan change request has been processed successfully,customer_service
delivery scheduled for tomorrow between 2:00pm and 2:00pm,delivery_logistics
tu pin de un solo uso es 925206. valido solo por esta sesion,otp_verification
eres uno de los 9 ganadores seleccionados. actua ahora!,spam_advertising
replica este metodo secreto y gana $17.000 sin salir de casa. mira como,spam_advertising
tu paquete #23845 esta disponible para retiro en sucursal Medellin,delivery_logistics
soporte tecnico: tu incidencia #9060 esta siendo atendida,customer_service
eres el ganador seleccionado de $436.000! reclama tu premio antes de manana,spam_advertising
trabajo desde casa ganando $188.000 al mes. cupos limitados! entra ya,spam_advertising
monthly subscription of $84 charged to card 9837,transaction
hospital norte: recordatorio de tu turno de control manana,appointment_reminder
se acredito $123.000 en tu cuenta,transaction
codigo temporal 833723 para completar tu registro,otp_verification
contrasena incorrecta ingresada 4 veces. cuenta bloqueada temporalmente,security_alert
alerta: acceso desde Mexico detectado en tu cuenta,security_alert
your order reached the Los Angeles distribution center,delivery_logistics
recordatorio: manana tienes cita con el doctor a las 4:30pm. llega 10 min antes,appointment_reminder
contrasena incorrecta ingresada 4 veces. cuenta bloqueada temporalmente,security_alert
your access token is 896907. expires in 3 minutes,otp_verification
recordatorio: manana tienes cita con el doctor a las 2:30pm. llega 10 min antes,appointment_reminder
tu pago de $474.000 en Amazon fue confirmado,transaction
tu pedido llego al centro de distribucion de Valparaiso,delivery_logistics
paquete #13840 en camino. firma requerida en la entrega,delivery_logistics
overdue balance: $1848. pay before 13/6 to avoid interest,billing_reminder
pay your bill today and avoid penalties,billing_reminder
tu suscripcion de $9014 se renueva en 6 dias,billing_reminder
oferta exclusiva: 20% de rebaja en tu proxima compra en Ripley,promotion_offer
detectamos un acceso desde Italia. si no fuiste tu bloquea tu cuenta,security_alert
two-factor authentication code: 227324,otp_verification
cargo exitoso de $2174 a tarjeta terminada en 2519,transaction
complete your sign-in with code 495533,otp_verification
te regalamos $6285 en creditos. canjealos antes de que expiren hoy,spam_advertising
tu pedido #85082 esta en camino. llega hoy entre 11:00am y 4:30pm,delivery_logistics
your otp code is 116547. do not share it with anyone,otp_verification
tu reserva en clinica dental es manana 28/7 a las 4:00pm,appointment_reminder
double points this weekend at Target,promotion_offer
promocion exclusiva: 10% de descuento en tu siguiente compra en Easy,promotion_offer
tu codigo de seguridad es 563187. expira en 10 minutos,otp_verification
your otp code is 757246. do not share it with anyone,otp_verification
usa 401601 para verificar tu identidad en nuestra app,otp_verification
alert: sign in from India at 1h. not you? change password,security_alert
detectamos un intento de phishing en tu cuenta. no compartas tus datos,security_alert
your request has been received. we will contact you within 3 business days,customer_service
alerta! tu cuenta tiene un bono de $5547 pendiente. activalo en 24h,spam_advertising
acumula puntos dobles este fin de semana en Shell,promotion_offer
final notice: invoice of $1310 due today. pay now to avoid service interruption,billing_reminder
recordatorio: tu pago de $2284 vence manana. evita penalidades,billing_reminder
abono de $336.000 recibido en tu cuenta de ahorros,transaction
payment reminder: $1590 due on 27/1,billing_reminder
eres uno de los 19 ganadores seleccionados. actua ahora!,spam_advertising
exclusive offer just for you! do not miss it: bit.ly/69298,spam_advertising
trabajo desde casa ganando $286.000 al mes. cupos limitados! entra ya,spam_advertising
your case #1137 has been assigned to an agent. estimated time: 1 hours,customer_service
special deal: buy one get one 20% off at Shell,promotion_offer
tu devolucion de $5978 fue aprobada. acreditaremos en 8 dias habiles,customer_service
alerta! tu cuenta tiene un bono de $5843 pendiente. activalo en 24h,spam_advertising
package #76949 is out for delivery. signature required,delivery_logistics
two-factor authentication code: 559023,otp_verification
seasonal promo: 30% off all clothing at Uber,promotion_offer
oferta de inversion: duplica tu dinero en 26 dias. 100% garantizado,spam_advertising
alert: sign in from Brazil at 11h. not you? change password,security_alert
sistema automatico de ganancias! genera $413.000 mientras duermes,spam_advertising
exclusive offer: 70% discount on your next purchase at CVS,promotion_offer
you received a transfer of $527 to your account,transaction
oferta de inversion: duplica tu dinero en 11 dias. 100% garantizado,spam_advertising
envio gratis en tu proxima compra en Easy. valido esta semana,promotion_offer
contrasena incorrecta ingresada 3 veces. cuenta bloqueada temporalmente,security_alert
realizaste una compra de $79.000 con tu tarjeta de credito,transaction
hemos recibido tu pago. tu servicio fue reactivado,customer_service
successful transfer of $2895 to account 8007,transaction
notificacion: tu solicitud #5053 paso a estado en revision,customer_service
intento de acceso fallido 2 veces en tu cuenta. la bloqueamos por seguridad,security_alert
promo exclusiva solo para ti! no te lo pierdas: www.oferta811.com,spam_advertising
compra de $257.000 en Farmacia Cruz Verde fue marcada como sospechosa. la rechazamos?,security_alert
alert! you have a pending bonus of $1110. activate it within 24h,spam_advertising
segundo intento de entrega para #54979 sera manana a las 3:30pm,delivery_logistics
automated profit system! generate $1392 while you sleep,spam_advertising
automated profit system! generate $2645 while you sleep,spam_advertising
suspicious activity detected on your account. please review your recent activity,security_alert
your monthly invoice is ready. amount due: $2043,billing_reminder
usa 273982 para verificar tu identidad en nuestra app,otp_verification
earn $2783 from home. no experience needed. sign up now!,spam_advertising
purchase of $327 approved at Shell,transaction
card transaction: $1723 debited from your account,transaction
your request has been received. we will contact you within 4 business days,customer_service
alerta: acceso desde Peru detectado en tu cuenta,security_alert
notificacion: tu solicitud #3509 paso a estado en revision,customer_service
soporte tecnico: tu incidencia #7765 esta siendo atendida,customer_service
recibiste una transferencia de $297.000 en tu cuenta,transaction
tu envio #25655 de Falabella fue confirmado y esta en preparacion,delivery_logistics
earn $234 from home. no experience needed. sign up now!,spam_advertising
replica este metodo secreto y gana $316.000 sin salir de casa. mira como,spam_advertising
transferencia inusual de $106.000 fue bloqueada. confirma si la autorizas,security_alert
metodo probado para ganar $253.000 por semana. sin inversion inicial,spam_advertising
your dental clinic appointment is scheduled for tomorrow at 8:30am,appointment_reminder
tu solicitud ha sido recibida. te contactaremos en 5 dias habiles,customer_service
codigo temporal 147623 para completar tu registro,otp_verification
unusual login detected from Berlin. was this you?,security_alert
your access token is 134985. expires in 3 minutes,otp_verification
order #61773 delayed due to weather. new estimate: tomorrow,delivery_logistics
descuento especial del 35% para clientes frecuentes de Paris,promotion_offer
no habia nadie en casa. reprogramamos la entrega de #52899 para manana,delivery_logistics
"authentication code: 222343. if this was not you, ignore this message",otp_verification
contrasena incorrecta ingresada 4 veces. cuenta bloqueada temporalmente,security_alert
2x1 en calzado en Shell. solo hoy!,promotion_offer
actividad sospechosa detectada en tu cuenta. accede y revisa tus movimientos,security_alert
tu suscripcion de $2778 se renueva en 2 dias,billing_reminder
delivery scheduled for tomorrow between 9:30am and 3:00pm,delivery_logistics
reminder: your payment of $1901 is due tomorrow. avoid late fees,billing_reminder
recordatorio: tu pago de $2881 vence manana. evita penalidades,billing_reminder
2x1 en deportes en Easy. solo hoy!,promotion_offer
hemos recibido tu pago. tu servicio fue reactivado,customer_service
compra de $372.000 en Easy fue marcada como sospechosa. la rechazamos?,security_alert
gana $206.000 desde casa. sin experiencia necesaria. registrate ya!,spam_advertising
aviso: tu hora odontologica fue confirmada para el 17/12,appointment_reminder
recordatorio de cita de control: viernes a las 11:30am,appointment_reminder
seguimiento actualizado: tu paquete #58193 esta en aduana,delivery_logistics
package #76207 is out for delivery. signature required,delivery_logistics
aviso de despacho: paquete #48980 en camino desde Valparaiso,delivery_logistics
usa 714953 para verificar tu identidad en nuestra app,otp_verification
se debito $225.000 de tu cuenta corriente terminada en 9900,transaction
"alert: password was changed. if you did not do this, contact us immediately",security_alert
factura mensual generada por $6092. fecha limite de pago: 13/12,billing_reminder
transfer of $2019 to account ending in 2213 completed,transaction
entrega programada para manana entre 11:30am y 8:00am. alguien debe estar en casa,delivery_logistics
usa 232915 para verificar tu identidad en nuestra app,otp_verification
notificacion de cobro: se intentara debitar $8413 de tu cuenta el 20/12,billing_reminder
"login from Brazil detected. if this was not you, secure your account now",security_alert
your dental clinic appointment is scheduled for tomorrow at 5:00pm,appointment_reminder
failed login attempt 4 times. your account has been locked,security_alert
rebaja de 45% en libros en Easy solo este mes,promotion_offer
descuento especial del 50% para clientes frecuentes de Uber,promotion_offer
your session was closed due to suspicious activity. please log in again,security_alert
alerta! tu cuenta tiene un bono de $8339 pendiente. activalo en 24h,spam_advertising
tu cuenta fue accedida desde PC Windows no reconocido. revisa ahora,security_alert
codigo de verificacion: 153035. valido por 5 minutos,otp_verification
sale: todos los deportes a 20% de descuento en Lider,promotion_offer
your $2180 payment to Target was processed,transaction
tu tarjeta fue usada por $126.000 en Jumbo,transaction
cargo de $3073 aplicado a tu tarjeta terminada en 4929,transaction
inicio de sesion desde Argentina en tu cuenta. reconoces este acceso?,security_alert
437758 es tu clave temporal de ingreso. no la compartas,otp_verification
recordatorio de pago: $5259 con vencimiento el 7/1,billing_reminder
your order reached the Houston distribution center,delivery_logistics
pago de servicios por $2179 completado exitosamente,transaction
final notice: invoice of $832 due today. pay now to avoid service interruption,billing_reminder
reminder: your payment of $1461 is due tomorrow. avoid late fees,billing_reminder
te regalamos $3025 en creditos. canjealos antes de que expiren hoy,spam_advertising
your dental clinic appointment is scheduled for tomorrow at 9:00am,appointment_reminder
segundo aviso: factura vencida de $5619. evita el corte del servicio,billing_reminder
your bill of $1508 is due on 2/1. pay now to avoid penalties,billing_reminder
paquete #37125 fue despachado desde Valparaiso. llega en 3 dias habiles,delivery_logistics
actividad sospechosa detectada en tu cuenta. accede y revisa tus movimientos,security_alert
tu servicio sera suspendido en 1 dias por falta de pago. regulariza ya,billing_reminder
order #74629 delivered successfully. how was your experience?,delivery_logistics
you have been selected to win $442! claim your prize before tomorrow,spam_advertising
descuento especial del 50% para clientes frecuentes de Farmacia Cruz Verde,promotion_offer
inicio de sesion desde Canada en tu cuenta. reconoces este acceso?,security_alert
gana puntos canjeables por $454.000. solo hoy! ingresa tu numero,spam_advertising
health clinic: your dental checkup is confirmed for Wednesday,appointment_reminder
pedido #78982 entregado exitosamente. como fue tu experiencia?,delivery_logistics
tu devolucion de $4068 fue aprobada. acreditaremos en 4 dias habiles,customer_service
te esperamos el viernes a las 4:00pm para tu control medico. trae resultados previos,appointment_reminder
pago de $134.000 a Netflix completado,transaction
detectamos un inicio de sesion inusual desde Berlin. fuiste tu?,security_alert
you are one of 11 winners selected. act now!,spam_advertising
use 867934 to verify your identity in our app,otp_verification
your $1943 payment to Target was processed,transaction
eres el ganador seleccionado de $19.000! reclama tu premio antes de manana,spam_advertising
your order #90134 is on its way. arrives today between 9:30am and 3:00pm,delivery_logistics
unusual login detected from India. was this you?,security_alert
your driver is 15 stops away. get ready for your delivery,delivery_logistics
order #36465 delayed due to weather. new estimate: tomorrow,delivery_logistics
we confirm your medical appointment for 8/8. bring your id,appointment_reminder
inicio de sesion desde Canada en tu cuenta. reconoces este acceso?,security_alert
exclusive offer just for you! do not miss it: bit.ly/45043,spam_advertising
you received a transfer of $18 to your account,transaction
acumula puntos dobles este fin de semana en Shell,promotion_offer
invest $723 today and earn $1075 in 48 hours guaranteed,spam_advertising
ultimo aviso: factura de $5915 vence hoy. paga ahora para evitar corte,billing_reminder
nuevo dispositivo iPhone accedio a tu cuenta. si no fuiste tu cambia tu contrasena ya,security_alert
exclusive offer: 30% discount on your next purchase at CVS,promotion_offer
2-step verification: use code 609253,otp_verification
pago de $492.000 a Easy completado,transaction
alert! you have a pending bonus of $2840. activate it within 24h,spam_advertising
card transaction: $335 debited from your account,transaction
2x1 en libros en Falabella. solo hoy!,promotion_offer
no habia nadie en casa. reprogramamos la entrega de #94245 para manana,delivery_logistics
paga tu servicio antes del 21 para evitar la suspension,billing_reminder
recordatorio: el debito automatico de $6446 se ejecutara el 3/9,billing_reminder
notificacion de cobro: se intentara debitar $3219 de tu cuenta el 19/10,billing_reminder
codigo temporal 308894 para completar tu registro,otp_verification
we detected access from Mexico at 9:45. was this you?,security_alert
notificacion: tu solicitud #2467 paso a estado en revision,customer_service
your driver is 7 stops away. get ready for your delivery,delivery_logistics
tu verificacion telefonica: 123005,otp_verification
clave de un solo uso: 578975. expira en 2 minutos,otp_verification
resolvimos tu caso #9899. como calificarias la atencion?,customer_service
tu pedido #32099 llega manana. descarga la app para seguirlo en tiempo real,delivery_logistics
envio gratis en tu proxima compra en Lider. valido esta semana,promotion_offer
tu devolucion de $4030 fue aprobada. acreditaremos en 7 dias habiles,customer_service
clinica central: tu consulta del 26/7 esta confirmada,appointment_reminder
aprovecha nuestra promo: 3x2 en calzado hasta agotar stock,promotion_offer
aviso: tienes 1 facturas sin pagar. total adeudado: $2281,billing_reminder
enter 550797 to confirm your access,otp_verification
transfer of $2249 to account ending in 1006 completed,transaction
appointment reminder: ophthalmology checkup on Friday. please arrive 10 minutes early,appointment_reminder
confirmacion de cita medica: viernes 18/1 a las 4:30pm,appointment_reminder
reminder: your payment of $243 is due tomorrow. avoid late fees,billing_reminder
your doctor appointment has been rescheduled to Friday at 11:30am,appointment_reminder
tu compra de $350.000 en Easy fue autorizada,transaction
felicitaciones! ganaste un premio de $374.000. llama ahora al 354-5138170,spam_advertising
tu pedido llego al centro de distribucion de Valparaiso,delivery_logistics
someone logged into your account from Colombia. do you recognize this?,security_alert
card transaction: $254 debited from your account,transaction
tu pago de $148.000 en Farmacia Cruz Verde fue confirmado,transaction
oferta de inversion: duplica tu dinero en 30 dias. 100% garantizado,spam_advertising
reembolso de $7613 procesado. veras el credito en 5 dias,customer_service
no compartas este codigo: 701987. nadie te lo pedira,otp_verification
aviso: tu hora oftalmologica fue confirmada para el 17/1,appointment_reminder
cargo exitoso de $952 a tarjeta terminada en 2889,transaction
package #68540 was shipped from New York. arrives in 3 business days,delivery_logistics
your plan change request has been processed successfully,customer_service
tracking update: your parcel #49347 is at the sorting facility,delivery_logistics
pagaste $385.000 en Paris,transaction
ingresa 862569 para confirmar tu acceso,otp_verification
se debito $2.000 de tu cuenta corriente terminada en 7693,transaction
recordatorio: el debito automatico de $6850 se ejecutara el 23/9,billing_reminder
"to cancel your dental appointment on Friday, reply CANCEL",appointment_reminder
tu tarjeta fue usada por $172.000 en Uber,transaction
alert! you have a pending bonus of $2180. activate it within 24h,spam_advertising
your security code is 962367. expires in 10 minutes,otp_verification
flash sale: 15% off shoes for the next 24 hours,promotion_offer
urgent: last spot to win $2122. call now 310-9780469,spam_advertising
we detected access from USA at 20:00. was this you?,security_alert
tu compra de $79.000 en Shell fue autorizada,transaction
"to cancel your ophthalmology appointment on Friday, reply CANCEL",appointment_reminder
tu queja fue registrada bajo el numero #3544. te responderemos pronto,customer_service
aprovecha nuestra promo: 3x2 en perfumes hasta agotar stock,promotion_offer
tienes una factura pendiente de $5494. paga antes del 6/6 para evitar recargos,billing_reminder
support ticket #2497 opened. our team will respond within 44 hours,customer_service
envio gratis en tu proxima compra en Falabella. valido esta semana,promotion_offer
your purchase of $1941 at Uber is confirmed,transaction
we detected access from Berlin at 15:00. was this you?,security_alert
see you on Tuesday at 5:00pm for your ophthalmology visit,appointment_reminder
recordatorio: el debito automatico de $4985 se ejecutara el 5/4,billing_reminder
alerta: login desde Australia registrado. si no fuiste tu actua ahora,security_alert
confirmacion de cita medica: lunes 21/3 a las 2:00pm,appointment_reminder
tienes una consulta medica programada para manana. presentate en recepcion a las 8:00am,appointment_reminder
weekend offer: 60% discount on furniture at Walmart,promotion_offer
we detected access from China at 12:45. was this you?,security_alert
tu pedido llego al centro de distribucion de Valparaiso,delivery_logistics
your dental appointment is tomorrow at 8:30am. please do not miss it,appointment_reminder
never share this code: 380150. we will never ask for it,otp_verification
overdue balance: $2119. pay before 22/3 to avoid interest,billing_reminder
para recuperar tu contrasena usa el codigo 714867,otp_verification
tu solicitud de baja fue recibida. procesaremos en 5 dias habiles,customer_service
codigo de verificacion: 901909. valido por 5 minutos,otp_verification
we detected access from Colombia at 1:00. was this you?,security_alert
aviso de cobro: debes $2655 con vencimiento el 7/1,billing_reminder
purchase of $1721 approved at Shell,transaction
tu tarjeta fue usada por $34.000 en Jumbo,transaction
ultimo aviso: factura de $1098 vence hoy. paga ahora para evitar corte,billing_reminder
oferta flash: 20% off en perfumes por las proximas 24 horas,promotion_offer
tu envio salio del deposito. numero de seguimiento: #44934,delivery_logistics
support ticket #5915 opened. our team will respond within 17 hours,customer_service
appointment reminder: dental checkup on Friday. please arrive 10 minutes early,appointment_reminder
your complaint #5256 has been escalated to level 2. we will keep you updated,customer_service
debito automatico de $497.000 procesado en tu cuenta,transaction
shipment #10089 is now in transit from Chicago,delivery_logistics
alerta: login desde Chile registrado. si no fuiste tu actua ahora,security_alert
inicio de sesion desde Italia en tu cuenta. reconoces este acceso?,security_alert
someone logged into your account from Paris. do you recognize this?,security_alert
tienes una consulta medica programada para manana. presentate en recepcion a las 9:00am,appointment_reminder
tu factura del mes esta disponible. monto a pagar: $4597,billing_reminder
alerta: login desde Mexico registrado. si no fuiste tu actua ahora,security_alert
an agent will contact you within the next 14 minutes,customer_service
confirmamos tu cita medica para el 28/8 a las 10:30am,appointment_reminder
trabajo desde casa ganando $500.000 al mes. cupos limitados! entra ya,spam_advertising
security alert: access from Colombia detected on your account,security_alert
no compartas este codigo: 130359. nadie te lo pedira,otp_verification
order #73499 delivered successfully. how was your experience?,delivery_logistics
your driver is 7 stops away. get ready for your delivery,delivery_logistics
segundo intento de entrega para #26539 sera manana a las 8:00am,delivery_logistics
alerta de seguridad: tu correo asociado fue cambiado. si no fuiste tu contactanos,security_alert
inicio de sesion desde Canada en tu cuenta. reconoces este acceso?,security_alert
se debito $406.000 de tu cuenta corriente terminada en 7916,transaction
package #47002 is out for delivery. signature required,delivery_logistics
recibiste una transferencia de $486.000 en tu cuenta,transaction
tu tarjeta fue usada por $180.000 en Shell,transaction
security alert: access from India detected on your account,security_alert
verificacion en 2 pasos: usa el codigo 236306,otp_verification
reminder: your payment of $1816 is due tomorrow. avoid late fees,billing_reminder
limited time: 20% off furniture ends tonight,promotion_offer
failed login attempt 5 times. your account has been locked,security_alert
monthly subscription of $1672 charged to card 4119,transaction
secret method to earn $2375 without leaving home. see how,spam_advertising
tu cita de control fue reagendada para el jueves. confirma respondiendo SI,appointment_reminder
weekend offer: 70% discount on electronics at Walmart,promotion_offer
tu codigo otp es 943718. no lo compartas con nadie,otp_verification
consigue $229.000 adicionales al mes trabajando solo 1 horas al dia,spam_advertising
an agent will contact you within the next 46 minutes,customer_service
alerta! tu cuenta tiene un bono de $9936 pendiente. activalo en 24h,spam_advertising
se agrego un nuevo metodo de pago a tu cuenta. si no fuiste tu actua de inmediato,security_alert
gana puntos canjeables por $229.000. solo hoy! ingresa tu numero,spam_advertising
your order #46202 is on its way. arrives today between 2:00pm and 11:30am,delivery_logistics
your $1642 payment to Shell was processed,transaction
tu codigo otp es 621546. no lo compartas con nadie,otp_verification
no habia nadie en casa. reprogramamos la entrega de #89076 para manana,delivery_logistics
your card ending in 1282 was charged $386 at Netflix,transaction
tu turno de control es manana a las 2:30pm. no faltes,appointment_reminder
transferencia inusual de $322.000 fue bloqueada. confirma si la autorizas,security_alert
special deal: buy one get one 35% off at Apple Store,promotion_offer
your order #27884 is on its way. arrives today between 9:00am and 3:30pm,delivery_logistics
promo especial: lleva 3 y paga 2 en muebles,promotion_offer
para cancelar tu cita medica del miercoles responde CANCELAR,appointment_reminder
rebaja de 50% en perfumes en Amazon solo este mes,promotion_offer
your $2657 payment to Best Buy was processed,transaction
we confirm your medical appointment for 16/6. bring your id,appointment_reminder
overdue balance: $601. pay before 24/1 to avoid interest,billing_reminder
un agente te contactara en los proximos 53 minutos,customer_service
tu pedido llego al centro de distribucion de Bogota,delivery_logistics
weekend offer: 25% discount on perfumes at Shell,promotion_offer
rebaja de 40% en libros en Ripley solo este mes,promotion_offer
your follow-up appointment is confirmed for 28/4 at central clinic,appointment_reminder
your service will be suspended in 3 days due to non-payment,billing_reminder
oferta exclusiva: 30% de rebaja en tu proxima compra en Farmacia Cruz Verde,promotion_offer
appointment reminder: dermatology checkup on Wednesday. please arrive 10 minutes early,appointment_reminder
codigo temporal 456331 para completar tu registro,otp_verification
"to cancel your dental appointment on Thursday, reply CANCEL",appointment_reminder
flash sale: 15% off perfumes for the next 24 hours,promotion_offer
oferta de temporada: 70% menos en tecnologia,promotion_offer
tu factura del mes esta disponible. monto a pagar: $9907,billing_reminder
final notice: invoice of $1957 due today. pay now to avoid service interruption,billing_reminder
oferta exclusiva: 45% de rebaja en tu proxima compra en Rappi,promotion_offer
suspicious activity detected on your account. please review your recent activity,security_alert
compra aprobada por $200.000 en Uber,transaction
atm withdrawal of $135 was successful,transaction
aprovecha 25% off en toda la tienda Jumbo este fin de semana,promotion_offer
actualizacion de tu caso #1612: en revision por equipo especializado,customer_service
tu caso esta siendo revisado por nuestro equipo. respuesta en 3 horas,customer_service
confirmacion de identidad requerida. tu codigo: 713762,otp_verification
oferta unica! accede ahora antes de que expire: bit.ly/48874,spam_advertising
click here to claim your $513 reward: www.prize670.com,spam_advertising
encuesta: como fue tu experiencia con nuestro servicio al cliente?,customer_service
recibiste una transferencia de $32.000 en tu cuenta,transaction
your follow-up appointment is tomorrow at 8:30am. please do not miss it,appointment_reminder
tu caso esta siendo revisado por nuestro equipo. respuesta en 67 horas,customer_service
delivery attempt failed for order #71727. reschedule in our app,delivery_logistics
you received a transfer of $1789 to your account,transaction
tu tarjeta fue usada por $166.000 en Jumbo,transaction
tu pedido llego al centro de distribucion de Buenos Aires,delivery_logistics
reminder: you have a dermatology appointment on Friday at 4:00pm,appointment_reminder
aprovecha nuestra promo: 3x2 en libros hasta agotar stock,promotion_offer
"authentication code: 455395. if this was not you, ignore this message",otp_verification
codigo temporal 468727 para completar tu registro,otp_verification
tu reclamo #6331 fue escalado a nivel 2. te informaremos pronto,customer_service
your complaint #9294 has been escalated to level 2. we will keep you updated,customer_service
aprovecha 40% off en toda la tienda Falabella este fin de semana,promotion_offer
final notice: invoice of $1432 due today. pay now to avoid service interruption,billing_reminder
proven method to earn $1620 per week. no upfront investment,spam_advertising
unauthorized access attempt from Brazil. your account may be at risk,security_alert
you spent $1854 at Amazon,transaction
reminder: your payment of $228 is due tomorrow. avoid late fees,billing_reminder
suspicious activity detected on your account. please review your recent activity,security_alert
order #72573 delayed due to weather. new estimate: tomorrow,delivery_logistics
card transaction: $2475 debited from your account,transaction
you spent $2294 at CVS,transaction
descuento especial del 15% para clientes frecuentes de Amazon,promotion_offer
survey: how was your experience with our customer service team?,customer_service
compra aprobada por $439.000 en Rappi,transaction
ultimo aviso: factura de $9240 vence hoy. paga ahora para evitar corte,billing_reminder
recordatorio: el debito automatico de $1800 se ejecutara el 20/10,billing_reminder
clinica central: tu consulta del 15/1 esta confirmada,appointment_reminder
alert! you have a pending bonus of $1061. activate it within 24h,spam_advertising
we resolved your case #4212. how would you rate our service?,customer_service
envio gratis en tu proxima compra en Jumbo. valido esta semana,promotion_offer
alerta! tu cuenta tiene un bono de $9186 pendiente. activalo en 24h,spam_advertising
survey: how was your experience with our customer service team?,customer_service
tu cuenta tiene un saldo pendiente de $4983. regulariza tu situacion,billing_reminder
payment of $260 to Uber confirmed,transaction
compra de $256.000 en Netflix fue marcada como sospechosa. la rechazamos?,security_alert
detectamos un inicio de sesion inusual desde Berlin. fuiste tu?,security_alert
eres el ganador seleccionado de $307.000! reclama tu premio antes de manana,spam_advertising
tu pago de $333.000 en Ripley fue confirmado,transaction
sale: todos los perfumes a 30% de descuento en Shell,promotion_offer
your order reached the Phoenix distribution center,delivery_logistics
flash sale: 15% off electronics for the next 24 hours,promotion_offer
health clinic: your ophthalmology checkup is confirmed for Monday,appointment_reminder
flash sale: 30% off shoes for the next 24 hours,promotion_offer
your purchase of $2504 at Walgreens is confirmed,transaction
cargo de $4566 aplicado a tu tarjeta terminada en 2940,transaction
aviso: tienes 3 facturas sin pagar. total adeudado: $5712,billing_reminder
oferta exclusiva: 10% de rebaja en tu proxima compra en Ripley,promotion_offer
your Shell purchase has left the warehouse,delivery_logistics
2x1 en electrodomesticos en Rappi. solo hoy!,promotion_offer
order #41278 delayed due to weather. new estimate: tomorrow,delivery_logistics
seasonal promo: 30% off all sports gear at CVS,promotion_offer
clearance sale: up to 15% off shoes at Apple Store,promotion_offer
contrasena incorrecta ingresada 5 veces. cuenta bloqueada temporalmente,security_alert
acumula puntos dobles este fin de semana en Netflix,promotion_offer
wrong password entered 4 times. account temporarily locked,security_alert
tu factura del mes esta disponible. monto a pagar: $633,billing_reminder
2x1 en deportes en Uber. solo hoy!,promotion_offer
entrega exitosa del pedido #96585. recibiste tu paquete?,delivery_logistics
paga tu servicio antes del 28 para evitar la suspension,billing_reminder
contrasena incorrecta ingresada 4 veces. cuenta bloqueada temporalmente,security_alert
"new device PC Windows accessed your account. if this was not you, change your password now",security_alert
tu caso #2124 fue asignado a un agente. tiempo estimado: 6 horas,customer_service
verificacion requerida: acceso sospechoso desde Mexico,security_alert
someone logged into your account from Italy. do you recognize this?,security_alert
felicitaciones! ganaste un premio de $214.000. llama ahora al 305-1672073,spam_advertising
successful transfer of $44 to account 2832,transaction
felicitaciones! ganaste un premio de $441.000. llama ahora al 380-2186125,spam_advertising
you are one of 10 winners selected. act now!,spam_advertising
recordatorio de pago: $4053 con vencimiento el 19/11,billing_reminder
pagaste $103.000 en Falabella,transaction
rebaja de 20% en perfumes en Rappi solo este mes,promotion_offer
pagaste $207.000 en Ripley,transaction
your $478 payment to Walgreens was processed,transaction
thank you for contacting us. your ticket #8187 is being processed,customer_service
notificacion de cobro: se intentara debitar $8052 de tu cuenta el 13/10,billing_reminder
tu pedido #71171 llega manana. descarga la app para seguirlo en tiempo real,delivery_logistics
25% off on books only today at Target,promotion_offer
we could not deliver your package #35614 today. rescheduling for tomorrow,delivery_logistics
urgent: last spot to win $1904. call now 398-3325723,spam_advertising
payment of $2728 to Walgreens confirmed,transaction
promocion exclusiva: 20% de descuento en tu siguiente compra en Ripley,promotion_offer
survey: how was your experience with our customer service team?,customer_service
package #36941 was shipped from Los Angeles. arrives in 4 business days,delivery_logistics
paquete #98826 en camino. firma requerida en la entrega,delivery_logistics
earn $2780 from home. no experience needed. sign up now!,spam_advertising
"new device PC Windows accessed your account. if this was not you, change your password now",security_alert
"to cancel your ophthalmology appointment on Monday, reply CANCEL",appointment_reminder
enter 175576 to confirm your access,otp_verification
realizaste una compra de $368.000 con tu tarjeta de credito,transaction
you are one of 12 winners selected. act now!,spam_advertising
tu pedido llego al centro de distribucion de Valparaiso,delivery_logistics
do not forget your doctor appointment on Monday at 11:00am,appointment_reminder
your plan change request has been processed successfully,customer_service
your doctor appointment has been rescheduled to Friday at 4:30pm,appointment_reminder
atm withdrawal of $1488 was successful,transaction
compra de $128.000 en Easy fue marcada como sospechosa. la rechazamos?,security_alert
tu cuenta fue accedida desde Mac no reconocido. revisa ahora,security_alert
tu solicitud ha sido recibida. te contactaremos en 1 dias habiles,customer_service
felicitaciones! ganaste un premio de $286.000. llama ahora al 330-4219595,spam_advertising
entrega exitosa del pedido #21945. recibiste tu paquete?,delivery_logistics
wrong password entered 4 times. account temporarily locked,security_alert
"codigo de autenticacion: 573962. si no fuiste tu, ignora este mensaje",otp_verification
2-step verification: use code 201255,otp_verification
recordatorio: tu pago de $3299 vence manana. evita penalidades,billing_reminder
tu contrato fue renovado exitosamente hasta 11/2025,customer_service
hemos recibido tu pago. tu servicio fue reactivado,customer_service
el repartidor esta a 9 paradas de tu direccion. prepara tu entrega,delivery_logistics
tu cuenta tiene un saldo pendiente de $5546. regulariza tu situacion,billing_reminder
reminder: your payment of $1098 is due tomorrow. avoid late fees,billing_reminder
your request has been received. we will contact you within 3 business days,customer_service
please confirm your medical appointment for tomorrow by replying YES,appointment_reminder
pay your bill today and avoid penalties,billing_reminder
tu caso esta siendo revisado por nuestro equipo. respuesta en 9 horas,customer_service
tu caso #4304 fue asignado a un agente. tiempo estimado: 43 horas,customer_service
work from home earning $2050 per month. limited spots! join now,spam_advertising
tu pedido #62818 esta siendo preparado para despacho,delivery_logistics
"tu cita en la clinica es en 24 horas, a las 11:00am. lleva tu carnet",appointment_reminder
para continuar ingresa el codigo 656379 en la aplicacion,otp_verification
factura mensual generada por $3785. fecha limite de pago: 7/5,billing_reminder
tu tarjeta fue usada por $415.000 en Falabella,transaction
package #26059 was shipped from New York. arrives in 4 business days,delivery_logistics
purchase of $1500 at Amazon flagged as suspicious. was this you?,security_alert
972176 es tu clave temporal de ingreso. no la compartas,otp_verification
your monthly invoice is ready. amount due: $2345,billing_reminder
cargo de $7522 aplicado a tu tarjeta terminada en 3223,transaction
wrong password entered 4 times. account temporarily locked,security_alert
paquete #88861 en camino. firma requerida en la entrega,delivery_logistics
you received a transfer of $2991 to your account,transaction
card transaction: $115 debited from your account,transaction
double points this weekend at Netflix,promotion_offer
limited time: 10% off perfumes ends tonight,promotion_offer
detectamos un acceso desde Mexico. si no fuiste tu bloquea tu cuenta,security_alert
codigo de confirmacion de transaccion: 779112,otp_verification
your service will be suspended in 3 days due to non-payment,billing_reminder
your account has an outstanding balance of $489. please settle it,billing_reminder
pago de $300.000 a Paris completado,transaction
tu envio salio del deposito. numero de seguimiento: #22415,delivery_logistics
automated profit system! generate $1187 while you sleep,spam_advertising
your cancellation request #9841 has been received and is being processed,customer_service
earn $2196 from home. no experience needed. sign up now!,spam_advertising
package #44735 is out for delivery. signature required,delivery_logistics
"codigo de autenticacion: 705991. si no fuiste tu, ignora este mensaje",otp_verification
entrega programada para manana entre 10:00am y 8:00am. alguien debe estar en casa,delivery_logistics
gana puntos canjeables por $399.000. solo hoy! ingresa tu numero,spam_advertising
we updated your ticket #6299 with new information. check your email,customer_service
survey: how was your experience with our customer service team?,customer_service
alerta de seguridad: tu correo asociado fue cambiado. si no fuiste tu contactanos,security_alert
security alert: access from Spain detected on your account,security_alert
order #20271 delayed due to weather. new estimate: tomorrow,delivery_logistics
reminder: your payment of $2579 is due tomorrow. avoid late fees,billing_reminder
payment notice: you owe $1699 due on 14/6,billing_reminder
pago de servicios por $8848 completado exitosamente,transaction
monthly subscription of $1809 charged to card 6582,transaction
alerta: cambio de contrasena realizado. si no lo hiciste contactanos de inmediato,security_alert
paquete #12612 en camino. firma requerida en la entrega,delivery_logistics
verificacion en 2 pasos: usa el codigo 347745,otp_verification
payment reminder: $1297 due on 16/10,billing_reminder
codigo de verificacion: 196214. valido por 5 minutos,otp_verification
"login from Paris detected. if this was not you, secure your account now",security_alert
comprando $72.000 o mas en Farmacia Cruz Verde obtenes 50% de descuento,promotion_offer
transferencia exitosa de $363.000 a cuenta terminada en 8144,transaction
second notice: overdue invoice of $1377. avoid service interruption,billing_reminder
use 638169 to verify your identity in our app,otp_verification
"new device Mac accessed your account. if this was not you, change your password now",security_alert
support ticket #4109 opened. our team will respond within 37 hours,customer_service
se acredito $109.000 en tu cuenta,transaction
cita medica agendada para el 4/1 a las 8:00am en clinica central,appointment_reminder
delivery scheduled for tomorrow between 9:30am and 5:00pm,delivery_logistics
tu paquete #76247 esta disponible para retiro en sucursal Valparaiso,delivery_logistics
secret method to earn $2800 without leaving home. see how,spam_advertising
special deal: buy one get one 35% off at Shell,promotion_offer
an agent will contact you within the next 27 minutes,customer_service
alert: sign in from Berlin at 12h. not you? change password,security_alert
encuesta: como fue tu experiencia con nuestro servicio al cliente?,customer_service
tu suscripcion de $2704 se renueva en 1 dias,billing_reminder
para continuar ingresa el codigo 530764 en la aplicacion,otp_verification
your dental appointment is tomorrow at 10:30am. please do not miss it,appointment_reminder
congratulations! you won $1721. call now 325-6464086,spam_advertising
el repartidor esta a 10 paradas de tu direccion. prepara tu entrega,delivery_logistics
flash sale: 15% off perfumes for the next 24 hours,promotion_offer
"new device iPhone accessed your account. if this was not you, change your password now",security_alert
tu pedido #66047 esta en camino. llega hoy entre 8:30am y 10:00am,delivery_logistics
ultimo aviso: factura de $685 vence hoy. paga ahora para evitar corte,billing_reminder
appointment reminder: dental checkup on Wednesday. please arrive 10 minutes early,appointment_reminder
promocion exclusiva: 60% de descuento en tu siguiente compra en Falabella,promotion_offer
tu factura del mes esta disponible. monto a pagar: $757,billing_reminder
te regalamos $3141 en creditos. canjealos antes de que expiren hoy,spam_advertising
paga tu servicio antes del 22 para evitar la suspension,billing_reminder
urgente: ultimo cupo para ganar $161.000. llama ahora al 370-1177469,spam_advertising
your request has been received. we will contact you within 1 business days,customer_service
reminder: your payment of $2095 is due tomorrow. avoid late fees,billing_reminder
suspicious activity detected on your account. please review your recent activity,security_alert
aviso: tu hora oftalmologica fue confirmada para el 20/1,appointment_reminder
we confirm your medical appointment for 9/10. bring your id,appointment_reminder
detectamos un inicio de sesion inusual desde Canada. fuiste tu?,security_alert
double points this weekend at Best Buy,promotion_offer
reminder: your payment of $1301 is due tomorrow. avoid late fees,billing_reminder
tracking update: your parcel #10336 is at the sorting facility,delivery_logistics
tu tarjeta fue usada por $285.000 en Falabella,transaction
your case #3598 has been assigned to an agent. estimated time: 41 hours,customer_service
your session was closed due to suspicious activity. please log in again,security_alert
your complaint #6276 has been escalated to level 2. we will keep you updated,customer_service
you have been selected to win $979! claim your prize before tomorrow,spam_advertising
tu codigo otp es 475644. no lo compartas con nadie,otp_verification
tu pedido #65549 esta siendo preparado para despacho,delivery_logistics
your number was drawn! call free 358-3499027 to claim,spam_advertising
70% off on shoes only today at Target,promotion_offer
work from home earning $735 per month. limited spots! join now,spam_advertising
transaction confirmation code: 457455. do not share it,otp_verification
shipment #17992 is now in transit from New York,delivery_logistics
gana puntos canjeables por $248.000. solo hoy! ingresa tu numero,spam_advertising
never share this code: 323072. we will never ask for it,otp_verification
confirmamos tu cita medica para el 1/1 a las 3:00pm,appointment_reminder
failed login attempt 2 times. your account has been locked,security_alert
entrega programada para manana entre 4:30pm y 4:30pm. alguien debe estar en casa,delivery_logistics
alert: sign in from Italy at 5h. not you? change password,security_alert
cita medica agendada para el 14/10 a las 11:30am en clinica central,appointment_reminder
members only: 25% discount at CVS this week,promotion_offer
sale: todos los muebles a 45% de descuento en Jumbo,promotion_offer
deuda pendiente de $9756. paga antes del 24 para evitar intereses,billing_reminder
inicio de sesion desde Tokyo en tu cuenta. reconoces este acceso?,security_alert
tu turno de control es manana a las 3:00pm. no faltes,appointment_reminder
"to cancel your dermatology appointment on Monday, reply CANCEL",appointment_reminder
your driver is 10 stops away. get ready for your delivery,delivery_logistics
tu reclamo #3061 fue escalado a nivel 2. te informaremos pronto,customer_service
your request has been received. we will contact you within 5 business days,customer_service
encuesta: como fue tu experiencia con nuestro servicio al cliente?,customer_service
transferencia inusual de $225.000 fue bloqueada. confirma si la autorizas,security_alert
no olvides tu cita con el medico el viernes a las 9:30am,appointment_reminder
successful transfer of $2179 to account 6632,transaction
compra de $207.000 en Easy fue marcada como sospechosa. la rechazamos?,security_alert
do not forget your doctor appointment on Tuesday at 3:30pm,appointment_reminder
actividad sospechosa detectada en tu cuenta. accede y revisa tus movimientos,security_alert
successful transfer of $681 to account 5342,transaction
oferta de inversion: duplica tu dinero en 15 dias. 100% garantizado,spam_advertising
flash sale: 45% off clothing for the next 24 hours,promotion_offer
cargo de $3544 aplicado a tu tarjeta terminada en 2122,transaction
invierte $7641 hoy y gana $75.000 en 48 horas garantizado,spam_advertising
notificacion de cobro: se intentara debitar $5090 de tu cuenta el 8/3,billing_reminder
your driver is 3 stops away. get ready for your delivery,delivery_logistics
tu cashback de $4788 esta disponible para usar en Amazon,promotion_offer
codigo temporal 856648 para completar tu registro,otp_verification
codigo de acceso: 180089. caduca en 3 minutos,otp_verification
pagaste $137.000 en Lider,transaction
tu cuenta tiene un saldo pendiente de $7804. regulariza tu situacion,billing_reminder
see you on Monday at 5:00pm for your dermatology visit,appointment_reminder
we detected access from Italy at 15:00. was this you?,security_alert
delivery attempt failed for order #15083. reschedule in our app,delivery_logistics
"to cancel your follow-up appointment on Wednesday, reply CANCEL",appointment_reminder
operacion bancaria: debito de $425.000 procesado correctamente,transaction
tu pedido #16310 esta en camino. llega hoy entre 11:00am y 11:30am,delivery_logistics
transaction of $873 at Best Buy approved,transaction
aprovecha 45% off en toda la tienda Uber este fin de semana,promotion_offer
transaccion de $498.000 aprobada en Easy,transaction
recordatorio: manana tienes cita con el doctor a las 2:00pm. llega 10 min antes,appointment_reminder
confirmacion de cita medica: miercoles 4/12 a las 2:00pm,appointment_reminder
replica este metodo secreto y gana $8.000 sin salir de casa. mira como,spam_advertising
tu compra de Ripley salio del almacen y va en camino,delivery_logistics
"alert: password was changed. if you did not do this, contact us immediately",security_alert
order #93032 delayed due to weather. new estimate: tomorrow,delivery_logistics
eres el ganador seleccionado de $351.000! reclama tu premio antes de manana,spam_advertising
regalo de $9267 en puntos por tu compra en Farmacia Cruz Verde,promotion_offer
see you on Tuesday at 8:30am for your dermatology visit,appointment_reminder
limited time: 40% off books ends tonight,promotion_offer
tu cita odontologica fue reagendada para el martes. confirma respondiendo SI,appointment_reminder
tu solicitud de baja fue recibida. procesaremos en 4 dias habiles,customer_service
seasonal promo: 30% off all perfumes at Walmart,promotion_offer
aviso de cobro: debes $1393 con vencimiento el 8/10,billing_reminder
thank you for contacting us. your ticket #7522 is being processed,customer_service
"authentication code: 693418. if this was not you, ignore this message",otp_verification
entrega exitosa del pedido #67637. recibiste tu paquete?,delivery_logistics
oferta flash: 35% off en perfumes por las proximas 24 horas,promotion_offer
"new device Mac accessed your account. if this was not you, change your password now",security_alert
paquete #56095 fue despachado desde Medellin. llega en 5 dias habiles,delivery_logistics
your order #57026 is on its way. arrives today between 5:00pm and 2:30pm,delivery_logistics
atm withdrawal of $2259 was successful,transaction
promo exclusiva solo para ti! no te lo pierdas: www.oferta262.com,spam_advertising
actividad sospechosa detectada en tu cuenta. accede y revisa tus movimientos,security_alert
failed login attempt 5 times. your account has been locked,security_alert
your case #9231 has been assigned to an agent. estimated time: 45 hours,customer_service
promocion exclusiva: 20% de descuento en tu siguiente compra en Shell,promotion_offer
tu plan vence en 2 dias. renueva para no perder el servicio,billing_reminder
tu pedido #79443 llega manana. descarga la app para seguirlo en tiempo real,delivery_logistics
rebaja de 40% en electrodomesticos en Uber solo este mes,promotion_offer
verificacion en 2 pasos: usa el codigo 535037,otp_verification
oferta de inversion: duplica tu dinero en 28 dias. 100% garantizado,spam_advertising
tu token de verificacion es 545790. no lo reenvies,otp_verification
double points this weekend at Apple Store,promotion_offer
has sido preseleccionado para ganar $13.000. confirma tus datos ya,spam_advertising
autenticacion de dos factores: 306854 es tu codigo,otp_verification
descuento especial del 50% para clientes frecuentes de Paris,promotion_offer
we could not deliver your package #99764 today. rescheduling for tomorrow,delivery_logistics
earn $2690 from home. no experience needed. sign up now!,spam_advertising
you have been selected to win $2828! claim your prize before tomorrow,spam_advertising
abono de $491.000 recibido en tu cuenta de ahorros,transaction
tu pedido #42707 llega manana. descarga la app para seguirlo en tiempo real,delivery_logistics
aviso: tienes 3 facturas sin pagar. total adeudado: $9870,billing_reminder
weekend offer: 70% discount on electronics at CVS,promotion_offer
hospital norte: recordatorio de tu turno de control manana,appointment_reminder
tu caso #9561 fue asignado a un agente. tiempo estimado: 8 horas,customer_service
recuerda tu consulta medica manana a las 2:30pm en policlinico norte,appointment_reminder
gana puntos canjeables por $238.000. solo hoy! ingresa tu numero,spam_advertising
recordatorio: el debito automatico de $7474 se ejecutara el 20/3,billing_reminder
debit of $287 processed on your account,transaction
paquete #41711 fue despachado desde Concepcion. llega en 4 dias habiles,delivery_logistics
"codigo de autenticacion: 355135. si no fuiste tu, ignora este mensaje",otp_verification
comprando $93.000 o mas en Farmacia Cruz Verde obtenes 60% de descuento,promotion_offer
your request has been received. we will contact you within 4 business days,customer_service
tu compra de $381.000 en Easy fue autorizada,transaction
second notice: overdue invoice of $609. avoid service interruption,billing_reminder
final notice: invoice of $1766 due today. pay now to avoid service interruption,billing_reminder
paga tu servicio antes del 24 para evitar la suspension,billing_reminder
limited time: 40% off perfumes ends tonight,promotion_offer
segundo aviso: factura vencida de $1130. evita el corte del servicio,billing_reminder
your case #7090 has been assigned to an agent. estimated time: 27 hours,customer_service
double points this weekend at Target,promotion_offer
intento de entrega fallido para pedido #82494. reagenda en nuestra app,delivery_logistics
gana puntos canjeables por $14.000. solo hoy! ingresa tu numero,spam_advertising
entrega programada para manana entre 9:30am y 4:30pm. alguien debe estar en casa,delivery_logistics
eres el ganador seleccionado de $288.000! reclama tu premio antes de manana,spam_advertising
te regalamos $8272 en creditos. canjealos antes de que expiren hoy,spam_advertising
tu cita odontologica fue reagendada para el miercoles. confirma respondiendo SI,appointment_reminder
tu plan vence en 7 dias. renueva para no perder el servicio,billing_reminder
paga tu servicio antes del 21 para evitar la suspension,billing_reminder
autenticacion de dos factores: 579027 es tu codigo,otp_verification
has sido preseleccionado para ganar $252.000. confirma tus datos ya,spam_advertising
clave de un solo uso: 699573. expira en 2 minutos,otp_verification
pago exitoso de $7255 en comercio Falabella,transaction
never share this code: 882544. we will never ask for it,otp_verification
"authentication code: 145767. if this was not you, ignore this message",otp_verification
ingresa 747453 para confirmar tu acceso,otp_verification
do not forget your doctor appointment on Thursday at 4:30pm,appointment_reminder
we confirm your medical appointment for 24/2. bring your id,appointment_reminder
your card ending in 8244 was charged $2772 at Uber,transaction
one-time pin: 461888. valid for this session only,otp_verification
hemos recibido tu pago. tu servicio fue reactivado,customer_service
se agrego un nuevo metodo de pago a tu cuenta. si no fuiste tu actua de inmediato,security_alert
debito automatico de $267.000 procesado en tu cuenta,transaction
hemos recibido tu pago. tu servicio fue reactivado,customer_service
automated profit system! generate $2216 while you sleep,spam_advertising
"login from Tokyo detected. if this was not you, secure your account now",security_alert
cita medica agendada para el 6/11 a las 4:00pm en clinica central,appointment_reminder
liquidacion de tecnologia: hasta 30% de descuento en Easy,promotion_offer
aviso: tienes 1 facturas sin pagar. total adeudado: $5912,billing_reminder
gana puntos canjeables por $165.000. solo hoy! ingresa tu numero,spam_advertising
reembolso de $9598 procesado. veras el credito en 6 dias,customer_service
appointment reminder: dental checkup on Tuesday. please arrive 10 minutes early,appointment_reminder
detectamos un acceso desde Paris. si no fuiste tu bloquea tu cuenta,security_alert
your refund request is under review. we will notify you within 4 business days,customer_service
payment of $2697 to CVS confirmed,transaction
consigue $244.000 adicionales al mes trabajando solo 2 horas al dia,spam_advertising
liquidacion de perfumes: hasta 60% de descuento en Paris,promotion_offer
385320 es tu clave temporal de ingreso. no la compartas,otp_verification
your driver is 15 stops away. get ready for your delivery,delivery_logistics
payment reminder: $1700 due on 14/5,billing_reminder
entrega programada para manana entre 5:00pm y 9:30am. alguien debe estar en casa,delivery_logistics
pago de servicios por $8287 completado exitosamente,transaction
card transaction: $2818 debited from your account,transaction
tu solicitud de baja fue recibida. procesaremos en 1 dias habiles,customer_service
an agent will contact you within the next 10 minutes,customer_service
compra de $345.000 en Lider fue marcada como sospechosa. la rechazamos?,security_alert
invest $2271 today and earn $680 in 48 hours guaranteed,spam_advertising
package #46239 was shipped from Chicago. arrives in 3 business days,delivery_logistics
one-time pin: 595158. valid for this session only,otp_verification
"tu cita en la clinica es en 24 horas, a las 3:00pm. lleva tu carnet",appointment_reminder
trabajo desde casa ganando $126.000 al mes. cupos limitados! entra ya,spam_advertising
acumula puntos dobles este fin de semana en Easy,promotion_offer
aprovecha nuestra promo: 3x2 en libros hasta agotar stock,promotion_offer
codigo de confirmacion de transaccion: 594379,otp_verification
hospital norte: recordatorio de tu turno odontologica manana,appointment_reminder
verificacion en 2 pasos: usa el codigo 378535,otp_verification
tu sesion fue cerrada por seguridad desde ip desconocida. ingresa nuevamente,security_alert
descuento especial del 30% para clientes frecuentes de Jumbo,promotion_offer
tu pin de un solo uso es 901280. valido solo por esta sesion,otp_verification
tu turno oftalmologica es manana a las 9:30am. no faltes,appointment_reminder
pedido #41034 retrasado por clima. nueva fecha estimada: manana,delivery_logistics
tu envio salio del deposito. numero de seguimiento: #17441,delivery_logistics
your subscription of $1788 renews in 5 days,billing_reminder
compra de $60.000 en Farmacia Cruz Verde fue marcada como sospechosa. la rechazamos?,security_alert
survey: how was your experience with our customer service team?,customer_service
we confirm your medical appointment for 17/2. bring your id,appointment_reminder
notificacion: tu solicitud #9710 paso a estado en revision,customer_service
tu cashback de $7324 esta disponible para usar en Rappi,promotion_offer
"tu cita en la clinica es en 24 horas, a las 3:30pm. lleva tu carnet",appointment_reminder
oferta de temporada: 20% menos en ropa,promotion_offer
earn $2958 from home. no experience needed. sign up now!,spam_advertising
tu pedido #30365 llega manana. descarga la app para seguirlo en tiempo real,delivery_logistics
reminder: you have a ophthalmology appointment on Monday at 10:30am,appointment_reminder
seasonal promo: 70% off all electronics at Target,promotion_offer
you are one of 9 winners selected. act now!,spam_advertising
usa 108060 para verificar tu identidad en nuestra app,otp_verification
tu pago de $4.000 en Ripley fue confirmado,transaction
reminder: your payment of $2309 is due tomorrow. avoid late fees,billing_reminder
confirmamos tu cita medica para el 11/5 a las 8:00am,appointment_reminder
entrega exitosa del pedido #31884. recibiste tu paquete?,delivery_logistics
your bill of $1984 is due on 23/6. pay now to avoid penalties,billing_reminder
tu caso #4419 fue asignado a un agente. tiempo estimado: 42 horas,customer_service
clinica central: tu consulta del 18/11 esta confirmada,appointment_reminder
delivery attempt failed for order #96577. reschedule in our app,delivery_logistics
recordatorio: tu pago de $4948 vence manana. evita penalidades,billing_reminder
pay your bill today and avoid penalties,billing_reminder
alerta: cambio de contrasena realizado. si no lo hiciste contactanos de inmediato,security_alert
your refund request is under review. we will notify you within 3 business days,customer_service
proven method to earn $2768 per week. no upfront investment,spam_advertising
tu pago de $250.000 en Jumbo fue confirmado,transaction
exclusive offer: 20% discount on your next purchase at Apple Store,promotion_offer
recuerda tu consulta medica manana a las 3:00pm en policlinico norte,appointment_reminder
your plan change request has been processed successfully,customer_service
confirmamos tu cita medica para el 20/5 a las 9:30am,appointment_reminder
delivery attempt failed for order #82358. reschedule in our app,delivery_logistics
invierte $5280 hoy y gana $415.000 en 48 horas garantizado,spam_advertising
tu plan vence en 5 dias. renueva para no perder el servicio,billing_reminder
intento de acceso fallido 5 veces en tu cuenta. la bloqueamos por seguridad,security_alert
tu numero fue sorteado! llama gratis al 353-8986164 para reclamar,spam_advertising
tu paquete #73142 esta disponible para retiro en sucursal Santiago,delivery_logistics
te esperamos el lunes a las 11:00am para tu control medico. trae resultados previos,appointment_reminder
"authentication code: 456385. if this was not you, ignore this message",otp_verification
tu factura del mes esta disponible. monto a pagar: $3401,billing_reminder
se agrego un nuevo metodo de pago a tu cuenta. si no fuiste tu actua de inmediato,security_alert
cargo de $5149 aplicado a tu tarjeta terminada en 9445,transaction
pedido #50416 entregado exitosamente. como fue tu experiencia?,delivery_logistics
wrong password entered 5 times. account temporarily locked,security_alert
sale: todos los libros a 25% de descuento en Ripley,promotion_offer
buy 2 get 1 free on perfumes at Target,promotion_offer
tu turno dermatologica es manana a las 11:30am. no faltes,appointment_reminder
notificacion de cobro: se intentara debitar $5275 de tu cuenta el 13/10,billing_reminder
your doctor appointment has been rescheduled to Friday at 9:00am,appointment_reminder
consigue $63.000 adicionales al mes trabajando solo 1 horas al dia,spam_advertising
recordatorio: tienes cita de control el viernes a las 3:30pm,appointment_reminder
verificacion en 2 pasos: usa el codigo 788637,otp_verification
codigo de verificacion: 440544. valido por 5 minutos,otp_verification
an agent will contact you within the next 24 minutes,customer_service
pagaste $143.000 en Shell,transaction
your bill of $2557 is due on 12/3. pay now to avoid penalties,billing_reminder
your dental appointment is confirmed for 2/11 at central clinic,appointment_reminder
your service will be suspended in 1 days due to non-payment,billing_reminder
your complaint #3741 has been escalated to level 2. we will keep you updated,customer_service
paga tu factura hoy y evita penalidades. monto: $4146,billing_reminder
codigo de confirmacion de transaccion: 779094,otp_verification
soporte tecnico: tu incidencia #9667 esta siendo atendida,customer_service
we resolved your case #4110. how would you rate our service?,customer_service
invierte $5097 hoy y gana $70.000 en 48 horas garantizado,spam_advertising
tu pin de un solo uso es 388375. valido solo por esta sesion,otp_verification
your dental clinic appointment is scheduled for tomorrow at 4:30pm,appointment_reminder
aprovecha 45% off en toda la tienda Shell este fin de semana,promotion_offer
alerta! tu cuenta tiene un bono de $2465 pendiente. activalo en 24h,spam_advertising
free shipping on orders over $460 at Netflix,promotion_offer
card transaction: $2177 debited from your account,transaction
payment notice: you owe $2372 due on 27/10,billing_reminder
your $1043 cashback is ready to use at Walmart,promotion_offer
tu tarjeta fue usada por $394.000 en Shell,transaction
use 670913 to verify your identity in our app,otp_verification
codigo de acceso: 369452. caduca en 3 minutos,otp_verification
para continuar ingresa el codigo 591465 en la aplicacion,otp_verification
thank you for contacting us. your ticket #6163 is being processed,customer_service
thank you for contacting us. your ticket #7450 is being processed,customer_service
your order #61505 is on its way. arrives today between 3:30pm and 4:30pm,delivery_logistics
earn $2531 from home. no experience needed. sign up now!,spam_advertising
reminder: you have a medical appointment on Friday at 11:30am,appointment_reminder
no habia nadie en casa. reprogramamos la entrega de #68079 para manana,delivery_logistics
see you on Friday at 4:30pm for your ophthalmology visit,appointment_reminder
your dental appointment is tomorrow at 4:30pm. please do not miss it,appointment_reminder
haz clic aqui y reclama tu regalo de $378.000: www.premio423.com,spam_advertising
debito automatico de $349.000 procesado en tu cuenta,transaction
gana puntos canjeables por $428.000. solo hoy! ingresa tu numero,spam_advertising
replica este metodo secreto y gana $19.000 sin salir de casa. mira como,spam_advertising
tu devolucion de $9264 fue aprobada. acreditaremos en 3 dias habiles,customer_service
card transaction: $520 debited from your account,transaction
oferta unica! accede ahora antes de que expire: bit.ly/28274,spam_advertising
your service will be suspended in 3 days due to non-payment,billing_reminder
one-time pin: 839485. valid for this session only,otp_verification
detectamos un inicio de sesion inusual desde Colombia. fuiste tu?,security_alert
tu pago de $185.000 en Lider fue confirmado,transaction
invest $1172 today and earn $863 in 48 hours guaranteed,spam_advertising
flash sale: 40% off electronics for the next 24 hours,promotion_offer
sale: todos los libros a 20% de descuento en Farmacia Cruz Verde,promotion_offer
transferencia inusual de $21.000 fue bloqueada. confirma si la autorizas,security_alert
tu sesion fue cerrada por seguridad desde ip desconocida. ingresa nuevamente,security_alert
tienes una consulta medica programada para manana. presentate en recepcion a las 8:30am,appointment_reminder
recordatorio de cita de control: martes a las 9:30am,appointment_reminder
tu factura del mes esta disponible. monto a pagar: $6762,billing_reminder
verificacion requerida: acceso sospechoso desde Italia,security_alert
entrega exitosa del pedido #95998. recibiste tu paquete?,delivery_logistics
abono de $136.000 recibido en tu cuenta de ahorros,transaction
transaccion de $20.000 aprobada en Ripley,transaction
ultimo aviso: factura de $3851 vence hoy. paga ahora para evitar corte,billing_reminder
limited time: 35% off sports gear ends tonight,promotion_offer
aprovecha 35% off en toda la tienda Amazon este fin de semana,promotion_offer
"to cancel your dermatology appointment on Friday, reply CANCEL",appointment_reminder
congratulations! you won $1996. call now 375-9894713,spam_advertising
debito automatico de $307.000 procesado en tu cuenta,transaction
clinica central: tu consulta del 7/10 esta confirmada,appointment_reminder
successful transfer of $1709 to account 4697,transaction
regalo de $6723 en puntos por tu compra en Rappi,promotion_offer
tu envio salio del deposito. numero de seguimiento: #70807,delivery_logistics
clearance sale: up to 15% off books at Apple Store,promotion_offer
te esperamos el jueves a las 8:30am para tu control medico. trae resultados previos,appointment_reminder
te regalamos $7506 en creditos. canjealos antes de que expiren hoy,spam_advertising
reminder: your payment of $2327 is due tomorrow. avoid late fees,billing_reminder
invest $722 today and earn $2659 in 48 hours guaranteed,spam_advertising
health clinic: your follow-up checkup is confirmed for Friday,appointment_reminder
verification code: 205239. valid for 5 minutes,otp_verification
tu solicitud ha sido recibida. te contactaremos en 2 dias habiles,customer_service
paga tu servicio antes del 3 para evitar la suspension,billing_reminder
has sido preseleccionado para ganar $267.000. confirma tus datos ya,spam_advertising
cargo exitoso de $5643 a tarjeta terminada en 3041,transaction
alerta: login desde Colombia registrado. si no fuiste tu actua ahora,security_alert
health clinic: your ophthalmology checkup is confirmed for Friday,appointment_reminder
alerta! tu cuenta tiene un bono de $2924 pendiente. activalo en 24h,spam_advertising
rebaja de 25% en muebles en Farmacia Cruz Verde solo este mes,promotion_offer
tu solicitud de baja fue recibida. procesaremos en 4 dias habiles,customer_service
we updated your ticket #2705 with new information. check your email,customer_service
factura mensual generada por $6936. fecha limite de pago: 22/3,billing_reminder
tu sesion fue cerrada por seguridad desde ip desconocida. ingresa nuevamente,security_alert
para cancelar tu cita de control del jueves responde CANCELAR,appointment_reminder
successful transfer of $1201 to account 3068,transaction
reminder: you have a dermatology appointment on Tuesday at 8:30am,appointment_reminder
tu reclamo #2658 fue escalado a nivel 2. te informaremos pronto,customer_service
promo exclusiva solo para ti! no te lo pierdas: www.oferta117.com,spam_advertising
tu factura del mes esta disponible. monto a pagar: $5403,billing_reminder
tu caso esta siendo revisado por nuestro equipo. respuesta en 59 horas,customer_service
reembolso de $6065 procesado. veras el credito en 6 dias,customer_service
we confirm your medical appointment for 28/5. bring your id,appointment_reminder
enter 106402 to confirm your access,otp_verification
aprovecha nuestra promo: 3x2 en tecnologia hasta agotar stock,promotion_offer
aviso: tu hora odontologica fue confirmada para el 2/11,appointment_reminder
alerta: cambio de contrasena realizado. si no lo hiciste contactanos de inmediato,security_alert
tu solicitud de baja fue recibida. procesaremos en 5 dias habiles,customer_service
confirmacion: pago de $6474 realizado con exito en Falabella,transaction
"codigo de autenticacion: 999398. si no fuiste tu, ignora este mensaje",otp_verification
intento de entrega fallido para pedido #26961. reagenda en nuestra app,delivery_logistics
your follow-up appointment is confirmed for 23/3 at central clinic,appointment_reminder
regalo de $961 en puntos por tu compra en Uber,promotion_offer
pedido #22055 retrasado por clima. nueva fecha estimada: manana,delivery_logistics
recordatorio de pago: $8720 con vencimiento el 9/7,billing_reminder
second notice: overdue invoice of $1110. avoid service interruption,billing_reminder
tu cuenta tiene un saldo pendiente de $1340. regulariza tu situacion,billing_reminder
suspicious activity detected on your account. please review your recent activity,security_alert
"tu cita en la clinica es en 24 horas, a las 4:00pm. lleva tu carnet",appointment_reminder
intento de entrega fallido para pedido #54295. reagenda en nuestra app,delivery_logistics
reminder: you have a dental appointment on Wednesday at 2:00pm,appointment_reminder
reminder: you have a ophthalmology appointment on Wednesday at 11:00am,appointment_reminder
your $1635 cashback is ready to use at Best Buy,promotion_offer
invest $2385 today and earn $1973 in 48 hours guaranteed,spam_advertising
recordatorio: tu pago de $8117 vence manana. evita penalidades,billing_reminder
tu token de verificacion es 643623. no lo reenvies,otp_verification
order #58823 delivered successfully. how was your experience?,delivery_logistics
gana $447.000 desde casa. sin experiencia necesaria. registrate ya!,spam_advertising
alerta de seguridad: tu correo asociado fue cambiado. si no fuiste tu contactanos,security_alert
your medical appointment is confirmed for 20/1 at central clinic,appointment_reminder
recordatorio de cita oftalmologica: martes a las 3:00pm,appointment_reminder
security alert: access from Paris detected on your account,security_alert
usa 735863 para verificar tu identidad en nuestra app,otp_verification
codigo de verificacion: 738577. valido por 5 minutos,otp_verification
purchase of $1312 at Netflix flagged as suspicious. was this you?,security_alert
shipment #14910 is now in transit from Los Angeles,delivery_logistics
second notice: overdue invoice of $1804. avoid service interruption,billing_reminder
congratulations! you won $1413. call now 318-7256474,spam_advertising
oferta flash: 20% off en perfumes por las proximas 24 horas,promotion_offer
pay your bill today and avoid penalties,billing_reminder
your otp code is 733039. do not share it with anyone,otp_verification
congratulations! you won $2475. call now 377-9582482,spam_advertising
envio gratis en tu proxima compra en Rappi. valido esta semana,promotion_offer
buy 2 get 1 free on electronics at CVS,promotion_offer
special deal: buy one get one 70% off at Apple Store,promotion_offer
tu compra de Rappi salio del almacen y va en camino,delivery_logistics
your otp code is 802685. do not share it with anyone,otp_verification
your order #32833 is on its way. arrives today between 3:30pm and 2:00pm,delivery_logistics
un agente te contactara en los proximos 20 minutos,customer_service
you spent $2669 at Netflix,transaction
your card ending in 9270 was charged $1752 at Shell,transaction
transferencia inusual de $254.000 fue bloqueada. confirma si la autorizas,security_alert
resolvimos tu caso #1717. como calificarias la atencion?,customer_service
trabajo desde casa ganando $74.000 al mes. cupos limitados! entra ya,spam_advertising
your $2114 cashback is ready to use at Shell,promotion_offer
codigo de verificacion: 749641. valido por 5 minutos,otp_verification
"a new payment method was added to your account. if this was not you, act now",security_alert
cita medica agendada para el 25/11 a las 9:30am en clinica central,appointment_reminder
realizaste una compra de $205.000 con tu tarjeta de credito,transaction
"new device iPhone accessed your account. if this was not you, change your password now",security_alert
retiro de $24.000 en cajero automatico fue exitoso,transaction
failed login attempt 2 times. your account has been locked,security_alert
cita medica agendada para el 2/3 a las 11:30am en clinica central,appointment_reminder
tu cita dermatologica fue reagendada para el jueves. confirma respondiendo SI,appointment_reminder
your dental clinic appointment is scheduled for tomorrow at 3:30pm,appointment_reminder
suscripcion mensual de $2944 cobrada a tarjeta 5978,transaction
abono de $496.000 recibido en tu cuenta de ahorros,transaction
codigo de confirmacion de transaccion: 946432,otp_verification
acceso no reconocido desde Espana a las 17h. cambia tu contrasena,security_alert
your otp code is 880879. do not share it with anyone,otp_verification
your driver is 6 stops away. get ready for your delivery,delivery_logistics
paquete #45200 en camino. firma requerida en la entrega,delivery_logistics
final notice: invoice of $176 due today. pay now to avoid service interruption,billing_reminder
unusual login detected from China. was this you?,security_alert
pagaste $448.000 en Ripley,transaction
unauthorized access attempt from Italy. your account may be at risk,security_alert
429795 es tu clave temporal de ingreso. no la compartas,otp_verification
replica este metodo secreto y gana $193.000 sin salir de casa. mira como,spam_advertising
sale: todos los tecnologia a 60% de descuento en Uber,promotion_offer
tu plan vence en 2 dias. renueva para no perder el servicio,billing_reminder
no habia nadie en casa. reprogramamos la entrega de #34688 para manana,delivery_logistics
tu caso esta siendo revisado por nuestro equipo. respuesta en 47 horas,customer_service
your refund request is under review. we will notify you within 3 business days,customer_service
tu compra en Rappi por $136.000 fue procesada,transaction
survey: how was your experience with our customer service team?,customer_service
your plan change request has been processed successfully,customer_service
segundo aviso: factura vencida de $1936. evita el corte del servicio,billing_reminder
recordatorio: tienes cita odontologica el viernes a las 4:30pm,appointment_reminder
codigo temporal 882033 para completar tu registro,otp_verification
payment reminder: $2053 due on 5/4,billing_reminder
contrasena incorrecta ingresada 4 veces. cuenta bloqueada temporalmente,security_alert
your $1919 cashback is ready to use at Shell,promotion_offer
two-factor authentication code: 402218,otp_verification
seguimiento actualizado: tu paquete #43438 esta en aduana,delivery_logistics
oferta unica! accede ahora antes de que expire: bit.ly/88154,spam_advertising
2-step verification: use code 427704,otp_verification
codigo de acceso: 827712. caduca en 3 minutos,otp_verification
para cancelar tu cita oftalmologica del lunes responde CANCELAR,appointment_reminder
do not forget your doctor appointment on Tuesday at 3:30pm,appointment_reminder
we confirm your medical appointment for 24/12. bring your id,appointment_reminder
tu contrato fue renovado exitosamente hasta 5/2025,customer_service
delivery scheduled for tomorrow between 3:00pm and 4:30pm,delivery_logistics
cita medica agendada para el 13/7 a las 11:30am en clinica central,appointment_reminder
pagaste $342.000 en Ripley,transaction
aviso: tu hora odontologica fue confirmada para el 25/10,appointment_reminder
autenticacion de dos factores: 799233 es tu codigo,otp_verification
clinica central: tu consulta del 7/12 esta confirmada,appointment_reminder
do not forget your doctor appointment on Wednesday at 4:00pm,appointment_reminder
complete your sign-in with code 837852,otp_verification
your subscription of $2307 renews in 2 days,billing_reminder
confirmacion de cita medica: viernes 27/11 a las 10:00am,appointment_reminder
pago de servicios por $4833 completado exitosamente,transaction
invest $1586 today and earn $1532 in 48 hours guaranteed,spam_advertising
promo especial: lleva 3 y paga 2 en ropa,promotion_offer
recordatorio: el debito automatico de $7985 se ejecutara el 27/1,billing_reminder
verificacion en 2 pasos: usa el codigo 820184,otp_verification
sistema automatico de ganancias! genera $428.000 mientras duermes,spam_advertising
pagaste $76.000 en Shell,transaction
please confirm your medical appointment for tomorrow by replying YES,appointment_reminder
actualizacion de tu caso #6992: en revision por equipo especializado,customer_service
2-step verification: use code 856086,otp_verification
tu cita dermatologica fue reagendada para el miercoles. confirma respondiendo SI,appointment_reminder
transferencia inusual de $413.000 fue bloqueada. confirma si la autorizas,security_alert
tu codigo de seguridad es 428267. expira en 10 minutos,otp_verification
appointment reminder: ophthalmology checkup on Friday. please arrive 10 minutes early,appointment_reminder
transferencia inusual de $218.000 fue bloqueada. confirma si la autorizas,security_alert
tu queja fue registrada bajo el numero #6024. te responderemos pronto,customer_service
purchase of $1558 at Walgreens flagged as suspicious. was this you?,security_alert
alerta! tu cuenta tiene un bono de $8389 pendiente. activalo en 24h,spam_advertising
detectamos un inicio de sesion inusual desde Berlin. fuiste tu?,security_alert
health clinic: your dental checkup is confirmed for Wednesday,appointment_reminder
aviso de despacho: paquete #44208 en camino desde Buenos Aires,delivery_logistics
your session was closed due to suspicious activity. please log in again,security_alert
recordatorio: el debito automatico de $5458 se ejecutara el 7/9,billing_reminder
para continuar ingresa el codigo 576877 en la aplicacion,otp_verification
cargo exitoso de $5064 a tarjeta terminada en 2137,transaction
reminder: your payment of $1041 is due tomorrow. avoid late fees,billing_reminder
complete your sign-in with code 265649,otp_verification
your monthly invoice is ready. amount due: $745,billing_reminder
your access token is 915809. expires in 3 minutes,otp_verification
tienes una factura pendiente de $9962. paga antes del 25/5 para evitar recargos,billing_reminder
thank you for contacting us. your ticket #4580 is being processed,customer_service
your service will be suspended in 5 days due to non-payment,billing_reminder
340044 es tu clave temporal de ingreso. no la compartas,otp_verification
complete your sign-in with code 242254,otp_verification
"tu cita en la clinica es en 24 horas, a las 9:00am. lleva tu carnet",appointment_reminder
detectamos un inicio de sesion inusual desde Espana. fuiste tu?,security_alert
see you on Tuesday at 5:00pm for your follow-up visit,appointment_reminder
"tu cita en la clinica es en 24 horas, a las 3:00pm. lleva tu carnet",appointment_reminder
your bill of $1836 is due on 7/4. pay now to avoid penalties,billing_reminder
security alert: access from Australia detected on your account,security_alert
gana $242.000 desde casa. sin experiencia necesaria. registrate ya!,spam_advertising
notificacion de cobro: se intentara debitar $3901 de tu cuenta el 2/3,billing_reminder
tu compra en Easy por $453.000 fue procesada,transaction
tu queja fue registrada bajo el numero #2297. te responderemos pronto,customer_service
your security code is 575679. expires in 10 minutes,otp_verification
tu envio salio del deposito. numero de seguimiento: #94840,delivery_logistics
tu paquete #21233 esta disponible para retiro en sucursal Lima,delivery_logistics
failed login attempt 4 times. your account has been locked,security_alert
order #93789 delayed due to weather. new estimate: tomorrow,delivery_logistics
recuerda tu consulta medica manana a las 3:00pm en policlinico norte,appointment_reminder
25% off on shoes only today at Best Buy,promotion_offer
debit of $2369 processed on your account,transaction
atm withdrawal of $1420 was successful,transaction
package #11044 is out for delivery. signature required,delivery_logistics
hospital norte: recordatorio de tu turno oftalmologica manana,appointment_reminder
recordatorio: tu pago de $6549 vence manana. evita penalidades,billing_reminder
detectamos un inicio de sesion inusual desde Londres. fuiste tu?,security_alert
your service will be suspended in 2 days due to non-payment,billing_reminder
card transaction: $1913 debited from your account,transaction
thank you for contacting us. your ticket #5698 is being processed,customer_service
tu codigo otp es 789606. no lo compartas con nadie,otp_verification
transaccion de $175.000 aprobada en Amazon,transaction
tienes un cupon de 50% dcto valido hasta el 2/2,promotion_offer
tu pedido llego al centro de distribucion de Buenos Aires,delivery_logistics
package #20198 was shipped from Los Angeles. arrives in 3 business days,delivery_logistics
sale: todos los deportes a 60% de descuento en Netflix,promotion_offer
your Target purchase has left the warehouse,delivery_logistics
inicio de sesion desde Espana en tu cuenta. reconoces este acceso?,security_alert
"codigo de autenticacion: 974190. si no fuiste tu, ignora este mensaje",otp_verification
hospital norte: recordatorio de tu turno oftalmologica manana,appointment_reminder
felicitaciones! ganaste un premio de $355.000. llama ahora al 393-7821919,spam_advertising
para continuar ingresa el codigo 671015 en la aplicacion,otp_verification
aviso: tu hora de control fue confirmada para el 20/6,appointment_reminder
cerramos tu ticket #9511 por resolucion exitosa. gracias por contactarnos,customer_service
order #32650 delayed due to weather. new estimate: tomorrow,delivery_logistics
promo especial: lleva 3 y paga 2 en libros,promotion_offer
your ophthalmology appointment is tomorrow at 5:00pm. please do not miss it,appointment_reminder
recordatorio de pago: $1028 con vencimiento el 14/1,billing_reminder
eres uno de los 8 ganadores seleccionados. actua ahora!,spam_advertising
alert: sign in from China at 20h. not you? change password,security_alert
tu numero fue sorteado! llama gratis al 357-7176462 para reclamar,spam_advertising
transaction confirmation code: 630108. do not share it,otp_verification
tu pedido #58280 esta siendo preparado para despacho,delivery_logistics
regalo de $2753 en puntos por tu compra en Lider,promotion_offer
entrega programada para manana entre 2:30pm y 3:30pm. alguien debe estar en casa,delivery_logistics
rebaja de 20% en muebles en Netflix solo este mes,promotion_offer
"new device Mac accessed your account. if this was not you, change your password now",security_alert
tienes un cupon de 60% dcto valido hasta el 18/4,promotion_offer
comprando $166.000 o mas en Farmacia Cruz Verde obtenes 25% de descuento,promotion_offer
trabajo desde casa ganando $318.000 al mes. cupos limitados! entra ya,spam_advertising
oferta de inversion: duplica tu dinero en 11 dias. 100% garantizado,spam_advertising
tu envio #59595 de Amazon fue confirmado y esta en preparacion,delivery_logistics
reminder: your payment of $2152 is due tomorrow. avoid late fees,billing_reminder
your session was closed due to suspicious activity. please log in again,security_alert
inicio de sesion desde Australia en tu cuenta. reconoces este acceso?,security_alert
seasonal promo: 10% off all sports gear at Walgreens,promotion_offer
acumula puntos dobles este fin de semana en Jumbo,promotion_offer
payment notice: you owe $80 due on 13/10,billing_reminder
you are one of 8 winners selected. act now!,spam_advertising
reminder: you have a dental appointment on Monday at 2:00pm,appointment_reminder
no olvides tu cita con el medico el miercoles a las 3:30pm,appointment_reminder
tu reserva en clinica dental es manana 4/2 a las 11:30am,appointment_reminder
invest $1185 today and earn $198 in 48 hours guaranteed,spam_advertising
urgent: last spot to win $734. call now 349-7266039,spam_advertising
enter 716113 to confirm your access,otp_verification
reembolso de $1049 procesado. veras el credito en 4 dias,customer_service
enter 468154 to confirm your access,otp_verification
paquete #18450 fue despachado desde Valparaiso. llega en 4 dias habiles,delivery_logistics
notificacion de cobro: se intentara debitar $3971 de tu cuenta el 7/9,billing_reminder
197758 es tu clave temporal de ingreso. no la compartas,otp_verification
acceso no reconocido desde Colombia a las 16h. cambia tu contrasena,security_alert
replica este metodo secreto y gana $165.000 sin salir de casa. mira como,spam_advertising
cita medica agendada para el 13/9 a las 2:30pm en clinica central,appointment_reminder
tu compra de Rappi salio del almacen y va en camino,delivery_logistics
confirmacion: pago de $5200 realizado con exito en Jumbo,transaction
has sido preseleccionado para ganar $154.000. confirma tus datos ya,spam_advertising
unauthorized access attempt from Colombia. your account may be at risk,security_alert
rebaja de 70% en perfumes en Uber solo este mes,promotion_offer
payment notice: you owe $1297 due on 18/9,billing_reminder
ingresa 553014 para confirmar tu acceso,otp_verification
seasonal promo: 45% off all sports gear at Uber,promotion_offer
your refund of $777 has been approved. it will be credited in 9 business days,customer_service
recibiste una transferencia de $50.000 en tu cuenta,transaction
cargo exitoso de $844 a tarjeta terminada en 4770,transaction
aprovecha nuestra promo: 3x2 en muebles hasta agotar stock,promotion_offer
your subscription of $1406 renews in 5 days,billing_reminder
segundo intento de entrega para #74517 sera manana a las 2:00pm,delivery_logistics
your Walmart purchase has left the warehouse,delivery_logistics
comprando $370.000 o mas en Paris obtenes 10% de descuento,promotion_offer
oferta unica! accede ahora antes de que expire: bit.ly/41808,spam_advertising
aviso de cobro: debes $567 con vencimiento el 10/1,billing_reminder
your card ending in 8699 was charged $1197 at Walmart,transaction
double points this weekend at CVS,promotion_offer
has sido preseleccionado para ganar $193.000. confirma tus datos ya,spam_advertising
purchase of $2567 at Netflix flagged as suspicious. was this you?,security_alert
invest $2572 today and earn $1906 in 48 hours guaranteed,spam_advertising
members only: 10% discount at Walmart this week,promotion_offer
detectamos un intento de phishing en tu cuenta. no compartas tus datos,security_alert
two-factor authentication code: 745558,otp_verification
tu cita oftalmologica fue reagendada para el lunes. confirma respondiendo SI,appointment_reminder
your dermatology appointment is tomorrow at 10:30am. please do not miss it,appointment_reminder
purchase of $2009 at Target flagged as suspicious. was this you?,security_alert
paga tu servicio antes del 16 para evitar la suspension,billing_reminder
tu caso #7266 fue asignado a un agente. tiempo estimado: 4 horas,customer_service
tu codigo de seguridad es 766269. expira en 10 minutos,otp_verification
your cancellation request #3928 has been received and is being processed,customer_service
rebaja de 30% en tecnologia en Uber solo este mes,promotion_offer
155164 es tu clave temporal de ingreso. no la compartas,otp_verification
two-factor authentication code: 667296,otp_verification
oferta unica! accede ahora antes de que expire: bit.ly/27481,spam_advertising
encuesta: como fue tu experiencia con nuestro servicio al cliente?,customer_service
recordatorio: el debito automatico de $9985 se ejecutara el 12/1,billing_reminder
contrasena incorrecta ingresada 5 veces. cuenta bloqueada temporalmente,security_alert
payment notice: you owe $2439 due on 28/2,billing_reminder
order #29613 delivered successfully. how was your experience?,delivery_logistics
cargo exitoso de $5052 a tarjeta terminada en 3547,transaction
transaction confirmation code: 196126. do not share it,otp_verification
tu cita odontologica fue reagendada para el viernes. confirma respondiendo SI,appointment_reminder
double points this weekend at Shell,promotion_offer
retiro de $234.000 en cajero automatico fue exitoso,transaction
transfer of $245 to account ending in 3697 completed,transaction
deuda pendiente de $5863. paga antes del 5 para evitar intereses,billing_reminder
"alert: password was changed. if you did not do this, contact us immediately",security_alert
your case #6191 has been assigned to an agent. estimated time: 42 hours,customer_service
your account has an outstanding balance of $356. please settle it,billing_reminder
delivery scheduled for tomorrow between 9:30am and 3:30pm,delivery_logistics
your order #42540 is on its way. arrives today between 11:00am and 5:00pm,delivery_logistics
haz clic aqui y reclama tu regalo de $332.000: www.premio93.com,spam_advertising
clinica central: tu consulta del 28/8 esta confirmada,appointment_reminder
tu sesion fue cerrada por seguridad desde ip desconocida. ingresa nuevamente,security_alert
your service will be suspended in 4 days due to non-payment,billing_reminder
tu verificacion telefonica: 633590,otp_verification
recordatorio: tu pago de $1983 vence manana. evita penalidades,billing_reminder
unauthorized access attempt from China. your account may be at risk,security_alert
paquete #43081 en camino. firma requerida en la entrega,delivery_logistics
tu turno oftalmologica es manana a las 2:00pm. no faltes,appointment_reminder
metodo probado para ganar $130.000 por semana. sin inversion inicial,spam_advertising
pago exitoso de $1341 en comercio Amazon,transaction
unusual login detected from Berlin. was this you?,security_alert
your purchase of $414 at Amazon is confirmed,transaction
your order reached the New York distribution center,delivery_logistics
tu sesion fue cerrada por seguridad desde ip desconocida. ingresa nuevamente,security_alert
see you on Tuesday at 4:30pm for your medical visit,appointment_reminder
para continuar ingresa el codigo 397005 en la aplicacion,otp_verification
members only: 40% discount at Apple Store this week,promotion_offer
security alert: access from Tokyo detected on your account,security_alert
aprovecha nuestra promo: 3x2 en electrodomesticos hasta agotar stock,promotion_offer
overdue balance: $1389. pay before 22/8 to avoid interest,billing_reminder
unusual login detected from Spain. was this you?,security_alert
clearance sale: up to 20% off sports gear at Best Buy,promotion_offer
your order reached the Houston distribution center,delivery_logistics
se debito $274.000 de tu cuenta corriente terminada en 5010,transaction
seguimiento actualizado: tu paquete #89602 esta en aduana,delivery_logistics
trabajo desde casa ganando $496.000 al mes. cupos limitados! entra ya,spam_advertising
limited time: 50% off furniture ends tonight,promotion_offer
gracias por contactarnos. tu ticket #9232 esta en proceso,customer_service
autenticacion de dos factores: 810687 es tu codigo,otp_verification
recordatorio: el debito automatico de $3227 se ejecutara el 14/5,billing_reminder
"login from Italy detected. if this was not you, secure your account now",security_alert
el repartidor esta a 7 paradas de tu direccion. prepara tu entrega,delivery_logistics
tu contrato fue renovado exitosamente hasta 3/2025,customer_service
consigue $83.000 adicionales al mes trabajando solo 4 horas al dia,spam_advertising
aprovecha nuestra promo: 3x2 en ropa hasta agotar stock,promotion_offer
tu compra de $234.000 en Lider fue autorizada,transaction
pagaste $190.000 en Amazon,transaction
recordatorio: tu pago de $5153 vence manana. evita penalidades,billing_reminder
pago de $118.000 a Ripley completado,transaction
alerta: cambio de contrasena realizado. si no lo hiciste contactanos de inmediato,security_alert
entrega exitosa del pedido #19828. recibiste tu paquete?,delivery_logistics
you have been selected to win $2834! claim your prize before tomorrow,spam_advertising
your Netflix purchase has left the warehouse,delivery_logistics
verificacion en 2 pasos: usa el codigo 168872,otp_verification
factura mensual generada por $9135. fecha limite de pago: 14/9,billing_reminder
25% off on shoes only today at Target,promotion_offer
do not forget your doctor appointment on Friday at 4:30pm,appointment_reminder
segundo intento de entrega para #54914 sera manana a las 11:00am,delivery_logistics
un agente te contactara en los proximos 34 minutos,customer_service
recordatorio de pago: $3335 con vencimiento el 22/11,billing_reminder
consigue $179.000 adicionales al mes trabajando solo 4 horas al dia,spam_advertising
shipment #79393 is now in transit from Chicago,delivery_logistics
hemos recibido tu pago. tu servicio fue reactivado,customer_service
trabajo desde casa ganando $454.000 al mes. cupos limitados! entra ya,spam_advertising
transaccion de $385.000 aprobada en Jumbo,transaction
alert! you have a pending bonus of $1034. activate it within 24h,spam_advertising
oferta de temporada: 50% menos en deportes,promotion_offer
your order reached the Los Angeles distribution center,delivery_logistics
oferta unica! accede ahora antes de que expire: bit.ly/17081,spam_advertising
compra de $3.000 en Amazon fue marcada como sospechosa. la rechazamos?,security_alert
tu suscripcion de $4296 se renueva en 2 dias,billing_reminder
ultimas horas: 35% de descuento en electrodomesticos. no te lo pierdas,promotion_offer
verificacion en 2 pasos: usa el codigo 619389,otp_verification
"codigo de autenticacion: 614084. si no fuiste tu, ignora este mensaje",otp_verification
eres uno de los 16 ganadores seleccionados. actua ahora!,spam_advertising
no habia nadie en casa. reprogramamos la entrega de #64146 para manana,delivery_logistics
click here to claim your $2156 reward: www.prize344.com,spam_advertising
tu paquete #16505 esta disponible para retiro en sucursal Bogota,delivery_logistics
your complaint #2728 has been escalated to level 2. we will keep you updated,customer_service
detectamos un inicio de sesion inusual desde China. fuiste tu?,security_alert
factura mensual generada por $8149. fecha limite de pago: 2/2,billing_reminder
urgente: ultimo cupo para ganar $226.000. llama ahora al 308-9249722,spam_advertising
factura mensual generada por $9937. fecha limite de pago: 3/2,billing_reminder
members only: 15% discount at Uber this week,promotion_offer
tu cuenta tiene un saldo pendiente de $5159. regulariza tu situacion,billing_reminder
"to cancel your dental appointment on Friday, reply CANCEL",appointment_reminder
tu cashback de $8346 esta disponible para usar en Jumbo,promotion_offer
tu caso #5277 fue asignado a un agente. tiempo estimado: 12 horas,customer_service
support ticket #9615 opened. our team will respond within 40 hours,customer_service
gracias por contactarnos. tu ticket #9364 esta en proceso,customer_service
two-factor authentication code: 973294,otp_verification
reminder: you have a medical appointment on Friday at 10:00am,appointment_reminder
your cancellation request #3539 has been received and is being processed,customer_service
"codigo de autenticacion: 897305. si no fuiste tu, ignora este mensaje",otp_verification
regalo de $2688 en puntos por tu compra en Paris,promotion_offer
confirmacion de identidad requerida. tu codigo: 378258,otp_verification
delivery attempt failed for order #14551. reschedule in our app,delivery_logistics
no compartas este codigo: 704238. nadie te lo pedira,otp_verification
tu suscripcion de $8056 se renueva en 7 dias,billing_reminder
tracking update: your parcel #62872 is at the sorting facility,delivery_logistics
cargo exitoso de $6711 a tarjeta terminada en 5558,transaction
purchase of $2584 at Target flagged as suspicious. was this you?,security_alert
promo exclusiva solo para ti! no te lo pierdas: www.oferta464.com,spam_advertising
intento de acceso fallido 5 veces en tu cuenta. la bloqueamos por seguridad,security_alert
pago exitoso de $9543 en comercio Ripley,transaction
se acredito $487.000 en tu cuenta,transaction
debit of $1799 processed on your account,transaction
"tu cita en la clinica es en 24 horas, a las 9:00am. lleva tu carnet",appointment_reminder
pago exitoso de $5942 en comercio Netflix,transaction
comprando $187.000 o mas en Uber obtenes 30% de descuento,promotion_offer
your cancellation request #9985 has been received and is being processed,customer_service
your session was closed due to suspicious activity. please log in again,security_alert
alerta: cambio de contrasena realizado. si no lo hiciste contactanos de inmediato,security_alert
haz clic aqui y reclama tu regalo de $168.000: www.premio445.com,spam_advertising
para recuperar tu contrasena usa el codigo 772875,otp_verification
actividad sospechosa detectada en tu cuenta. accede y revisa tus movimientos,security_alert
your access token is 534303. expires in 3 minutes,otp_verification
metodo probado para ganar $172.000 por semana. sin inversion inicial,spam_advertising
cargo exitoso de $3835 a tarjeta terminada en 5325,transaction
tu pedido llego al centro de distribucion de Buenos Aires,delivery_logistics
tu reserva en clinica dental es manana 6/1 a las 2:00pm,appointment_reminder
soporte tecnico: tu incidencia #5664 esta siendo atendida,customer_service
te esperamos el martes a las 11:00am para tu control medico. trae resultados previos,appointment_reminder
see you on Monday at 3:30pm for your ophthalmology visit,appointment_reminder
compra de $290.000 en Falabella fue marcada como sospechosa. la rechazamos?,security_alert
buy 2 get 1 free on furniture at Uber,promotion_offer
purchase of $13 approved at Walgreens,transaction
promo especial: lleva 3 y paga 2 en libros,promotion_offer
tu pin de un solo uso es 683397. valido solo por esta sesion,otp_verification
2-step verification: use code 252640,otp_verification
special deal: buy one get one 15% off at Shell,promotion_offer
your Uber purchase has left the warehouse,delivery_logistics
oferta flash: 45% off en perfumes por las proximas 24 horas,promotion_offer
reminder: your payment of $602 is due tomorrow. avoid late fees,billing_reminder
alerta: cambio de contrasena realizado. si no lo hiciste contactanos de inmediato,security_alert
tu numero fue sorteado! llama gratis al 377-3630468 para reclamar,spam_advertising
deuda pendiente de $4668. paga antes del 26 para evitar intereses,billing_reminder
nuevo dispositivo PC Windows accedio a tu cuenta. si no fuiste tu cambia tu contrasena ya,security_alert
unusual login detected from USA. was this you?,security_alert
pedido #94852 retrasado por clima. nueva fecha estimada: manana,delivery_logistics
special deal: buy one get one 10% off at Best Buy,promotion_offer
tu suscripcion de $7934 se renueva en 4 dias,billing_reminder
pago de $488.000 a Uber completado,transaction
se agrego un nuevo metodo de pago a tu cuenta. si no fuiste tu actua de inmediato,security_alert
delivery scheduled for tomorrow between 10:30am and 9:00am,delivery_logistics
para cancelar tu cita de control del martes responde CANCELAR,appointment_reminder
actividad sospechosa detectada en tu cuenta. accede y revisa tus movimientos,security_alert
verification code: 802559. valid for 5 minutes,otp_verification
2x1 en ropa en Netflix. solo hoy!,promotion_offer
"codigo de autenticacion: 427730. si no fuiste tu, ignora este mensaje",otp_verification
clinica central: tu consulta del 19/10 esta confirmada,appointment_reminder
your order #29441 is on its way. arrives today between 8:30am and 3:30pm,delivery_logistics
double points this weekend at Shell,promotion_offer
gracias por contactarnos. tu ticket #6893 esta en proceso,customer_service
tu compra en Amazon por $386.000 fue procesada,transaction
segundo aviso: factura vencida de $2830. evita el corte del servicio,billing_reminder
your cancellation request #3975 has been received and is being processed,customer_service
recordatorio: manana tienes cita con el doctor a las 3:00pm. llega 10 min antes,appointment_reminder
your monthly invoice is ready. amount due: $2318,billing_reminder
gracias por contactarnos. tu ticket #8901 esta en proceso,customer_service
pay your bill today and avoid penalties,billing_reminder
alerta de seguridad: tu correo asociado fue cambiado. si no fuiste tu contactanos,security_alert
reminder: you have a follow-up appointment on Friday at 9:30am,appointment_reminder
special deal: buy one get one 50% off at Apple Store,promotion_offer
click here to claim your $1791 reward: www.prize414.com,spam_advertising
your refund request is under review. we will notify you within 4 business days,customer_service
ultimas horas: 70% de descuento en perfumes. no te lo pierdas,promotion_offer
cerramos tu ticket #7770 por resolucion exitosa. gracias por contactarnos,customer_service
paga tu servicio antes del 13 para evitar la suspension,billing_reminder
you spent $2489 at Walgreens,transaction
2x1 en muebles en Ripley. solo hoy!,promotion_offer
your request has been received. we will contact you within 2 business days,customer_service
recordatorio: tienes cita oftalmologica el miercoles a las 4:30pm,appointment_reminder
we updated your ticket #5155 with new information. check your email,customer_service
aviso: tienes 3 facturas sin pagar. total adeudado: $1143,billing_reminder
aprovecha nuestra promo: 3x2 en ropa hasta agotar stock,promotion_offer
we could not deliver your package #84976 today. rescheduling for tomorrow,delivery_logistics
no habia nadie en casa. reprogramamos la entrega de #98761 para manana,delivery_logistics
click here to claim your $2070 reward: www.prize35.com,spam_advertising
tu sesion fue cerrada por seguridad desde ip desconocida. ingresa nuevamente,security_alert
tu reclamo #5422 fue escalado a nivel 2. te informaremos pronto,customer_service
cita medica agendada para el 18/5 a las 11:30am en clinica central,appointment_reminder
inicio de sesion desde Italia en tu cuenta. reconoces este acceso?,security_alert
your number was drawn! call free 355-1199028 to claim,spam_advertising
unusual login detected from China. was this you?,security_alert
aviso: tienes 1 facturas sin pagar. total adeudado: $2414,billing_reminder
automated profit system! generate $1707 while you sleep,spam_advertising
tu pedido #25473 esta siendo preparado para despacho,delivery_logistics
earn $982 from home. no experience needed. sign up now!,spam_advertising
entrega programada para manana entre 2:00pm y 9:30am. alguien debe estar en casa,delivery_logistics
appointment reminder: ophthalmology checkup on Friday. please arrive 10 minutes early,appointment_reminder
tu caso esta siendo revisado por nuestro equipo. respuesta en 31 horas,customer_service
we resolved your case #1206. how would you rate our service?,customer_service
your purchase of $2779 at Walgreens is confirmed,transaction
suspicious activity detected on your account. please review your recent activity,security_alert
nuevo dispositivo Huawei accedio a tu cuenta. si no fuiste tu cambia tu contrasena ya,security_alert
an agent will contact you within the next 46 minutes,customer_service
para continuar ingresa el codigo 910075 en la aplicacion,otp_verification
replica este metodo secreto y gana $235.000 sin salir de casa. mira como,spam_advertising
two-factor authentication code: 195674,otp_verification
payment reminder: $1011 due on 17/9,billing_reminder
has sido preseleccionado para ganar $219.000. confirma tus datos ya,spam_advertising
entrega exitosa del pedido #60206. recibiste tu paquete?,delivery_logistics
tu contrato fue renovado exitosamente hasta 5/2025,customer_service
"new device Mac accessed your account. if this was not you, change your password now",security_alert
atm withdrawal of $291 was successful,transaction
unauthorized access attempt from Nigeria. your account may be at risk,security_alert
acceso no reconocido desde Canada a las 22h. cambia tu contrasena,security_alert
haz clic aqui y reclama tu regalo de $370.000: www.premio456.com,spam_advertising
actualizamos tu ticket #9490 con nueva informacion. revisa tu email,customer_service
debit of $1943 processed on your account,transaction
your monthly invoice is ready. amount due: $1434,billing_reminder
"tu cita en la clinica es en 24 horas, a las 9:00am. lleva tu carnet",appointment_reminder
members only: 20% discount at Apple Store this week,promotion_offer
para cancelar tu cita oftalmologica del jueves responde CANCELAR,appointment_reminder
pedido #21851 entregado exitosamente. como fue tu experiencia?,delivery_logistics
detectamos un inicio de sesion inusual desde China. fuiste tu?,security_alert
factura mensual generada por $1611. fecha limite de pago: 18/9,billing_reminder
transaction confirmation code: 972442. do not share it,otp_verification
unusual login detected from Brazil. was this you?,security_alert
recordatorio: manana tienes cita con el doctor a las 4:00pm. llega 10 min antes,appointment_reminder
recuerda tu consulta medica manana a las 11:30am en policlinico norte,appointment_reminder
inicio de sesion desde Rusia en tu cuenta. reconoces este acceso?,security_alert
free shipping on orders over $2064 at Walmart,promotion_offer
para continuar ingresa el codigo 779172 en la aplicacion,otp_verification
tu reserva en clinica dental es manana 20/2 a las 5:00pm,appointment_reminder
your access token is 832168. expires in 3 minutes,otp_verification
support ticket #4812 opened. our team will respond within 21 hours,customer_service
failed login attempt 2 times. your account has been locked,security_alert
we could not deliver your package #30131 today. rescheduling for tomorrow,delivery_logistics
actualizamos tu ticket #7484 con nueva informacion. revisa tu email,customer_service
second notice: overdue invoice of $2242. avoid service interruption,billing_reminder
acceso no reconocido desde Mexico a las 18h. cambia tu contrasena,security_alert
pago de servicios por $9855 completado exitosamente,transaction
your plan change request has been processed successfully,customer_service
tu cita odontologica fue reagendada para el lunes. confirma respondiendo SI,appointment_reminder
pagaste $116.000 en Ripley,transaction
intento de acceso fallido 3 veces en tu cuenta. la bloqueamos por seguridad,security_alert
package #58717 was shipped from Chicago. arrives in 5 business days,delivery_logistics
your complaint #6935 has been escalated to level 2. we will keep you updated,customer_service
cerramos tu ticket #8746 por resolucion exitosa. gracias por contactarnos,customer_service
segundo intento de entrega para #75598 sera manana a las 8:30am,delivery_logistics
your monthly invoice is ready. amount due: $864,billing_reminder
para cancelar tu cita odontologica del martes responde CANCELAR,appointment_reminder
pago de $48.000 a Shell completado,transaction
tu cuenta fue accedida desde Samsung Galaxy no reconocido. revisa ahora,security_alert
support ticket #7945 opened. our team will respond within 14 hours,customer_service
confirmacion: pago de $7037 realizado con exito en Shell,transaction
never share this code: 303322. we will never ask for it,otp_verification
purchase of $1215 at Walmart flagged as suspicious. was this you?,security_alert
confirmacion de identidad requerida. tu codigo: 278240,otp_verification
se agrego un nuevo metodo de pago a tu cuenta. si no fuiste tu actua de inmediato,security_alert
monthly subscription of $2747 charged to card 2874,transaction
operacion bancaria: debito de $360.000 procesado correctamente,transaction
support ticket #2562 opened. our team will respond within 39 hours,customer_service
alerta: acceso desde Mexico detectado en tu cuenta,security_alert
second notice: overdue invoice of $1948. avoid service interruption,billing_reminder
rebaja de 10% en electrodomesticos en Paris solo este mes,promotion_offer
double points this weekend at Shell,promotion_offer
limited time: 60% off books ends tonight,promotion_offer
notificacion de cobro: se intentara debitar $7768 de tu cuenta el 2/3,billing_reminder
transaction of $2572 at Uber approved,transaction
tu compra de Lider salio del almacen y va en camino,delivery_logistics
sistema automatico de ganancias! genera $274.000 mientras duermes,spam_advertising
has sido preseleccionado para ganar $96.000. confirma tus datos ya,spam_advertising
intento de entrega fallido para pedido #66948. reagenda en nuestra app,delivery_logistics
your dental appointment is tomorrow at 9:30am. please do not miss it,appointment_reminder
no compartas este codigo: 675898. nadie te lo pedira,otp_verification
tu paquete #54113 esta disponible para retiro en sucursal Concepcion,delivery_logistics
detectamos un inicio de sesion inusual desde Mexico. fuiste tu?,security_alert
notificacion de cobro: se intentara debitar $6847 de tu cuenta el 17/11,billing_reminder
payment of $1994 to Apple Store confirmed,transaction
tu caso esta siendo revisado por nuestro equipo. respuesta en 68 horas,customer_service
your order reached the New York distribution center,delivery_logistics
package #23357 is out for delivery. signature required,delivery_logistics
autenticacion de dos factores: 712955 es tu codigo,otp_verification
transaccion de $92.000 aprobada en Rappi,transaction
exclusive offer just for you! do not miss it: bit.ly/73766,spam_advertising
operacion bancaria: debito de $217.000 procesado correctamente,transaction
transfer of $2971 to account ending in 3704 completed,transaction
wrong password entered 3 times. account temporarily locked,security_alert
tu cuenta fue accedida desde PC Windows no reconocido. revisa ahora,security_alert
tracking update: your parcel #98254 is at the sorting facility,delivery_logistics
payment reminder: $2253 due on 2/1,billing_reminder
final notice: invoice of $2511 due today. pay now to avoid service interruption,billing_reminder
we could not deliver your package #14975 today. rescheduling for tomorrow,delivery_logistics
thank you for contacting us. your ticket #3557 is being processed,customer_service
your dental appointment is tomorrow at 10:30am. please do not miss it,appointment_reminder
compra de $335.000 en Shell fue marcada como sospechosa. la rechazamos?,security_alert
intento de entrega fallido para pedido #72071. reagenda en nuestra app,delivery_logistics
your card ending in 3607 was charged $1949 at Apple Store,transaction
see you on Thursday at 2:30pm for your dental visit,appointment_reminder
your login verification code is 325583,otp_verification
tu solicitud ha sido recibida. te contactaremos en 2 dias habiles,customer_service
health clinic: your dental checkup is confirmed for Wednesday,appointment_reminder
recuerda tu consulta medica manana a las 5:00pm en policlinico norte,appointment_reminder
tu devolucion de $6324 fue aprobada. acreditaremos en 5 dias habiles,customer_service
hemos recibido tu pago. tu servicio fue reactivado,customer_service
congratulations! you won $230. call now 377-4274069,spam_advertising
eres el ganador seleccionado de $412.000! reclama tu premio antes de manana,spam_advertising
tu servicio sera suspendido en 5 dias por falta de pago. regulariza ya,billing_reminder
we confirm your medical appointment for 21/7. bring your id,appointment_reminder
pay your bill today and avoid penalties,billing_reminder
actualizamos tu ticket #5150 con nueva informacion. revisa tu email,customer_service
781403 is your one-time password. keep it safe,otp_verification
cita medica agendada para el 7/12 a las 2:30pm en clinica central,appointment_reminder
tu pedido llego al centro de distribucion de Santiago,delivery_logistics
alert: sign in from India at 11h. not you? change password,security_alert
your access token is 566297. expires in 3 minutes,otp_verification
do not forget your doctor appointment on Thursday at 8:00am,appointment_reminder
gana puntos canjeables por $474.000. solo hoy! ingresa tu numero,spam_advertising
878086 is your one-time password. keep it safe,otp_verification
detectamos un intento de phishing en tu cuenta. no compartas tus datos,security_alert
aviso de cobro: debes $749 con vencimiento el 20/9,billing_reminder
tu caso #9574 fue asignado a un agente. tiempo estimado: 9 horas,customer_service
2x1 en perfumes en Ripley. solo hoy!,promotion_offer
earn $2179 from home. no experience needed. sign up now!,spam_advertising
tu compra de $456.000 en Ripley fue autorizada,transaction
your dental clinic appointment is scheduled for tomorrow at 5:00pm,appointment_reminder
recuerda tu consulta medica manana a las 3:30pm en policlinico norte,appointment_reminder
tu envio #33081 de Jumbo fue confirmado y esta en preparacion,delivery_logistics
detectamos un acceso desde Chile. si no fuiste tu bloquea tu cuenta,security_alert
clinica central: tu consulta del 24/11 esta confirmada,appointment_reminder
your order #32005 is on its way. arrives today between 3:00pm and 5:00pm,delivery_logistics
gana $500.000 desde casa. sin experiencia necesaria. registrate ya!,spam_advertising
health clinic: your dermatology checkup is confirmed for Wednesday,appointment_reminder
transferencia exitosa de $318.000 a cuenta terminada en 2343,transaction
retiro de $390.000 en cajero automatico fue exitoso,transaction
tu solicitud de cambio de plan fue procesada exitosamente,customer_service
encuesta: como fue tu experiencia con nuestro servicio al cliente?,customer_service
intento de entrega fallido para pedido #77017. reagenda en nuestra app,delivery_logistics
tu devolucion de $7027 fue aprobada. acreditaremos en 4 dias habiles,customer_service
detectamos un acceso desde Chile. si no fuiste tu bloquea tu cuenta,security_alert
no olvides tu cita con el medico el lunes a las 5:00pm,appointment_reminder
your doctor appointment has been rescheduled to Tuesday at 3:30pm,appointment_reminder
tu turno oftalmologica es manana a las 10:30am. no faltes,appointment_reminder
paga tu factura hoy y evita penalidades. monto: $6921,billing_reminder
se agrego un nuevo metodo de pago a tu cuenta. si no fuiste tu actua de inmediato,security_alert
descuento especial del 70% para clientes frecuentes de Uber,promotion_offer
haz clic aqui y reclama tu regalo de $481.000: www.premio179.com,spam_advertising
your medical appointment is confirmed for 27/5 at central clinic,appointment_reminder
tu queja fue registrada bajo el numero #4633. te responderemos pronto,customer_service
reminder: your payment of $1392 is due tomorrow. avoid late fees,billing_reminder
tu pago de $62.000 en Farmacia Cruz Verde fue confirmado,transaction
use 752878 to verify your identity in our app,otp_verification
your account has an outstanding balance of $1286. please settle it,billing_reminder
your service will be suspended in 5 days due to non-payment,billing_reminder
"a new payment method was added to your account. if this was not you, act now",security_alert
one-time pin: 335137. valid for this session only,otp_verification
alguien ingreso a tu cuenta desde Argentina a las 11:15,security_alert
overdue balance: $1713. pay before 5/5 to avoid interest,billing_reminder
paga tu servicio antes del 23 para evitar la suspension,billing_reminder
entrega programada para manana entre 9:00am y 2:30pm. alguien debe estar en casa,delivery_logistics
descuento especial del 70% para clientes frecuentes de Shell,promotion_offer
cargo de $4372 aplicado a tu tarjeta terminada en 3724,transaction
aviso: tienes 2 facturas sin pagar. total adeudado: $6751,billing_reminder
confirmamos tu cita medica para el 2/11 a las 9:30am,appointment_reminder
exclusive offer just for you! do not miss it: bit.ly/45349,spam_advertising
secret method to earn $721 without leaving home. see how,spam_advertising
codigo de confirmacion de transaccion: 982277,otp_verification
se acredito $30.000 en tu cuenta,transaction
clave de un solo uso: 997004. expira en 2 minutos,otp_verification
recordatorio: el debito automatico de $908 se ejecutara el 6/8,billing_reminder
ultimas horas: 35% de descuento en muebles. no te lo pierdas,promotion_offer
reminder: you have a follow-up appointment on Tuesday at 3:30pm,appointment_reminder
recuerda tu consulta medica manana a las 2:30pm en policlinico norte,appointment_reminder
oferta exclusiva: 15% de rebaja en tu proxima compra en Jumbo,promotion_offer
tu pin de un solo uso es 758765. valido solo por esta sesion,otp_verification
your login verification code is 579123,otp_verification
we confirm your medical appointment for 14/2. bring your id,appointment_reminder
transaction confirmation code: 518098. do not share it,otp_verification
suspicious activity detected on your account. please review your recent activity,security_alert
please confirm your medical appointment for tomorrow by replying YES,appointment_reminder
confirmacion de cita medica: lunes 19/10 a las 11:00am,appointment_reminder
no habia nadie en casa. reprogramamos la entrega de #46745 para manana,delivery_logistics
tienes una factura pendiente de $6124. paga antes del 23/2 para evitar recargos,billing_reminder
reminder: your payment of $2358 is due tomorrow. avoid late fees,billing_reminder
urgente: ultimo cupo para ganar $324.000. llama ahora al 306-6156264,spam_advertising
oferta de inversion: duplica tu dinero en 16 dias. 100% garantizado,spam_advertising
tu pedido #91665 esta en camino. llega hoy entre 2:30pm y 2:00pm,delivery_logistics
aviso de cobro: debes $892 con vencimiento el 15/11,billing_reminder
compra de $138.000 en Lider fue marcada como sospechosa. la rechazamos?,security_alert
we updated your ticket #7824 with new information. check your email,customer_service
your refund of $2906 has been approved. it will be credited in 3 business days,customer_service
detectamos un acceso desde Londres. si no fuiste tu bloquea tu cuenta,security_alert
your ophthalmology appointment is tomorrow at 4:30pm. please do not miss it,appointment_reminder
tu envio #51079 de Shell fue confirmado y esta en preparacion,delivery_logistics
buy 2 get 1 free on books at Walgreens,promotion_offer
ingresa 423939 para confirmar tu acceso,otp_verification
paquete #54284 fue despachado desde Buenos Aires. llega en 3 dias habiles,delivery_logistics
encuesta: como fue tu experiencia con nuestro servicio al cliente?,customer_service
aprovecha 20% off en toda la tienda Paris este fin de semana,promotion_offer
actividad sospechosa detectada en tu cuenta. accede y revisa tus movimientos,security_alert
members only: 35% discount at Best Buy this week,promotion_offer
seguimiento actualizado: tu paquete #99922 esta en aduana,delivery_logistics
transferencia exitosa de $387.000 a cuenta terminada en 1508,transaction
verification code: 916964. valid for 5 minutes,otp_verification
tu token de verificacion es 728492. no lo reenvies,otp_verification
tu reclamo #1618 fue escalado a nivel 2. te informaremos pronto,customer_service
tu numero fue sorteado! llama gratis al 357-7408965 para reclamar,spam_advertising
order #24748 delivered successfully. how was your experience?,delivery_logistics
delivery scheduled for tomorrow between 4:00pm and 2:00pm,delivery_logistics
codigo de verificacion: 163780. valido por 5 minutos,otp_verification
enter 702733 to confirm your access,otp_verification
you received a transfer of $296 to your account,transaction
pay your bill today and avoid penalties,billing_reminder
factura mensual generada por $7727. fecha limite de pago: 22/2,billing_reminder
reembolso de $504 procesado. veras el credito en 4 dias,customer_service
health clinic: your ophthalmology checkup is confirmed for Tuesday,appointment_reminder
shipment #85066 is now in transit from Los Angeles,delivery_logistics
tu token de verificacion es 831380. no lo reenvies,otp_verification
factura mensual generada por $8598. fecha limite de pago: 21/11,billing_reminder
appointment reminder: ophthalmology checkup on Thursday. please arrive 10 minutes early,appointment_reminder
payment notice: you owe $1301 due on 10/10,billing_reminder
tu numero fue sorteado! llama gratis al 360-5862493 para reclamar,spam_advertising
free shipping on orders over $2087 at Best Buy,promotion_offer
intento de entrega fallido para pedido #86326. reagenda en nuestra app,delivery_logistics
notificacion de cobro: se intentara debitar $6801 de tu cuenta el 27/6,billing_reminder
clinica central: tu consulta del 2/5 esta confirmada,appointment_reminder
payment of $2012 to Amazon confirmed,transaction
tu cashback de $8689 esta disponible para usar en Rappi,promotion_offer
para cancelar tu cita medica del lunes responde CANCELAR,appointment_reminder
failed login attempt 3 times. your account has been locked,security_alert
pedido #78719 retrasado por clima. nueva fecha estimada: manana,delivery_logistics
your plan change request has been processed successfully,customer_service
flash sale: 20% off shoes for the next 24 hours,promotion_offer
please confirm your medical appointment for tomorrow by replying YES,appointment_reminder
consigue $373.000 adicionales al mes trabajando solo 3 horas al dia,spam_advertising
"login from Mexico detected. if this was not you, secure your account now",security_alert
factura mensual generada por $6144. fecha limite de pago: 20/11,billing_reminder
recordatorio: tienes cita de control el lunes a las 2:00pm,appointment_reminder
"new device PC Windows accessed your account. if this was not you, change your password now",security_alert
entrega exitosa del pedido #24160. recibiste tu paquete?,delivery_logistics
transaction confirmation code: 768891. do not share it,otp_verification
no olvides tu cita con el medico el lunes a las 4:30pm,appointment_reminder
compra de $361.000 en Ripley fue marcada como sospechosa. la rechazamos?,security_alert
your card ending in 5871 was charged $2415 at Walgreens,transaction
tu compra en Jumbo por $350.000 fue procesada,transaction
your cancellation request #9767 has been received and is being processed,customer_service
someone logged into your account from Brazil. do you recognize this?,security_alert
automated profit system! generate $2935 while you sleep,spam_advertising
you have been selected to win $367! claim your prize before tomorrow,spam_advertising
no olvides tu cita con el medico el viernes a las 8:30am,appointment_reminder
tu token de verificacion es 228093. no lo reenvies,otp_verification
un agente te contactara en los proximos 14 minutos,customer_service
complete your sign-in with code 498468,otp_verification
do not forget your doctor appointment on Thursday at 11:00am,appointment_reminder
tu verificacion telefonica: 442589,otp_verification
alerta: acceso desde Italia detectado en tu cuenta,security_alert
ingresa 440131 para confirmar tu acceso,otp_verification
paquete #32772 fue despachado desde Valparaiso. llega en 2 dias habiles,delivery_logistics
regalo de $4314 en puntos por tu compra en Falabella,promotion_offer
tu caso #7144 fue asignado a un agente. tiempo estimado: 42 horas,customer_service
sale: todos los libros a 60% de descuento en Shell,promotion_offer
your order #33639 is on its way. arrives today between 4:00pm and 8:30am,delivery_logistics
paquete #29360 fue despachado desde Medellin. llega en 2 dias habiles,delivery_logistics
aviso de despacho: paquete #83899 en camino desde Buenos Aires,delivery_logistics
weekend offer: 50% discount on books at Shell,promotion_offer
never share this code: 718849. we will never ask for it,otp_verification
paga tu servicio antes del 15 para evitar la suspension,billing_reminder
recordatorio: manana tienes cita con el doctor a las 3:30pm. llega 10 min antes,appointment_reminder
oferta flash: 40% off en electrodomesticos por las proximas 24 horas,promotion_offer
cerramos tu ticket #6159 por resolucion exitosa. gracias por contactarnos,customer_service
secret method to earn $405 without leaving home. see how,spam_advertising
pedido #25919 retrasado por clima. nueva fecha estimada: manana,delivery_logistics
recordatorio de cita de control: miercoles a las 8:00am,appointment_reminder
eres el ganador seleccionado de $277.000! reclama tu premio antes de manana,spam_advertising
confirmacion de cita medica: martes 19/10 a las 9:00am,appointment_reminder
flash sale: 10% off clothing for the next 24 hours,promotion_offer
codigo de acceso: 425845. caduca en 3 minutos,otp_verification
sistema automatico de ganancias! genera $344.000 mientras duermes,spam_advertising
transferencia exitosa de $374.000 a cuenta terminada en 8527,transaction
hemos recibido tu pago. tu servicio fue reactivado,customer_service
members only: 70% discount at CVS this week,promotion_offer
alguien ingreso a tu cuenta desde Chile a las 23:45,security_alert
exclusive offer: 20% discount on your next purchase at Walmart,promotion_offer
promo exclusiva solo para ti! no te lo pierdas: www.oferta468.com,spam_advertising
your $595 cashback is ready to use at Uber,promotion_offer
tu caso #5314 fue asignado a un agente. tiempo estimado: 16 horas,customer_service
cargo exitoso de $2327 a tarjeta terminada en 5808,transaction
support ticket #3525 opened. our team will respond within 40 hours,customer_service
tu codigo otp es 679077. no lo compartas con nadie,otp_verification
confirmacion: pago de $2483 realizado con exito en Rappi,transaction
tu caso #3742 fue asignado a un agente. tiempo estimado: 18 horas,customer_service
reminder: you have a dental appointment on Monday at 9:00am,appointment_reminder
descuento especial del 70% para clientes frecuentes de Shell,promotion_offer
factura mensual generada por $7859. fecha limite de pago: 18/3,billing_reminder
gana puntos canjeables por $51.000. solo hoy! ingresa tu numero,spam_advertising
aviso: tu hora odontologica fue confirmada para el 17/7,appointment_reminder
two-factor authentication code: 652530,otp_verification
your order #45554 is on its way. arrives today between 4:30pm and 8:30am,delivery_logistics
tu pedido #78662 esta siendo preparado para despacho,delivery_logistics
tu caso esta siendo revisado por nuestro equipo. respuesta en 14 horas,customer_service
detectamos un inicio de sesion inusual desde Mexico. fuiste tu?,security_alert
your login verification code is 409222,otp_verification
confirmacion de identidad requerida. tu codigo: 593355,otp_verification
pago de $297.000 a Farmacia Cruz Verde completado,transaction
entrega programada para manana entre 2:00pm y 4:00pm. alguien debe estar en casa,delivery_logistics
overdue balance: $1998. pay before 4/10 to avoid interest,billing_reminder
tu cashback de $5170 esta disponible para usar en Ripley,promotion_offer
promocion exclusiva: 25% de descuento en tu siguiente compra en Ripley,promotion_offer
tu queja fue registrada bajo el numero #6898. te responderemos pronto,customer_service
flash sale: 20% off books for the next 24 hours,promotion_offer
ultimo aviso: factura de $6624 vence hoy. paga ahora para evitar corte,billing_reminder
"authentication code: 284171. if this was not you, ignore this message",otp_verification
two-factor authentication code: 755788,otp_verification
suscripcion mensual de $4839 cobrada a tarjeta 3287,transaction
notificacion de cobro: se intentara debitar $1662 de tu cuenta el 26/5,billing_reminder
someone logged into your account from Russia. do you recognize this?,security_alert
se debito $311.000 de tu cuenta corriente terminada en 2876,transaction
tu compra en Amazon por $421.000 fue procesada,transaction
your $2105 cashback is ready to use at Apple Store,promotion_offer
clave de un solo uso: 499889. expira en 2 minutos,otp_verification
recuerda tu consulta medica manana a las 9:00am en policlinico norte,appointment_reminder
payment of $1600 to CVS confirmed,transaction
we resolved your case #2285. how would you rate our service?,customer_service
your complaint #5223 has been escalated to level 2. we will keep you updated,customer_service
ultimo aviso: factura de $9388 vence hoy. paga ahora para evitar corte,billing_reminder
transaccion de $203.000 aprobada en Lider,transaction
your access token is 204555. expires in 3 minutes,otp_verification
free shipping on orders over $687 at Apple Store,promotion_offer
recibiste una transferencia de $196.000 en tu cuenta,transaction
para cancelar tu cita medica del viernes responde CANCELAR,appointment_reminder
recuerda tu consulta medica manana a las 8:30am en policlinico norte,appointment_reminder
abono de $476.000 recibido en tu cuenta de ahorros,transaction
operacion bancaria: debito de $52.000 procesado correctamente,transaction
555052 es tu clave temporal de ingreso. no la compartas,otp_verification
haz clic aqui y reclama tu regalo de $249.000: www.premio186.com,spam_advertising
tu pedido llego al centro de distribucion de Santiago,delivery_logistics
confirmacion: pago de $731 realizado con exito en Farmacia Cruz Verde,transaction
transaction confirmation code: 835132. do not share it,otp_verification
buy 2 get 1 free on shoes at Apple Store,promotion_offer
one-time pin: 945664. valid for this session only,otp_verification
contrasena incorrecta ingresada 3 veces. cuenta bloqueada temporalmente,security_alert
oferta de temporada: 45% menos en tecnologia,promotion_offer
gana $147.000 desde casa. sin experiencia necesaria. registrate ya!,spam_advertising
never share this code: 332311. we will never ask for it,otp_verification
you have been selected to win $1948! claim your prize before tomorrow,spam_advertising
use 213609 to verify your identity in our app,otp_verification
acumula puntos dobles este fin de semana en Easy,promotion_offer
your security code is 994787. expires in 10 minutes,otp_verification
alert! you have a pending bonus of $1140. activate it within 24h,spam_advertising
suscripcion mensual de $3611 cobrada a tarjeta 5861,transaction
"alert: password was changed. if you did not do this, contact us immediately",security_alert
urgente: ultimo cupo para ganar $284.000. llama ahora al 305-7445196,spam_advertising
members only: 15% discount at Apple Store this week,promotion_offer
aviso de despacho: paquete #92388 en camino desde Lima,delivery_logistics
an agent will contact you within the next 32 minutes,customer_service
un agente te contactara en los proximos 35 minutos,customer_service
recordatorio: manana tienes cita con el doctor a las 3:00pm. llega 10 min antes,appointment_reminder
complete your sign-in with code 362829,otp_verification
delivery scheduled for tomorrow between 4:00pm and 9:30am,delivery_logistics
your number was drawn! call free 304-6752034 to claim,spam_advertising
someone logged into your account from Russia. do you recognize this?,security_alert
el repartidor esta a 9 paradas de tu direccion. prepara tu entrega,delivery_logistics
recordatorio: manana tienes cita con el doctor a las 11:00am. llega 10 min antes,appointment_reminder
gana $62.000 desde casa. sin experiencia necesaria. registrate ya!,spam_advertising
ingresa 419149 para confirmar tu acceso,otp_verification
transaction confirmation code: 401603. do not share it,otp_verification
tu tarjeta fue usada por $157.000 en Amazon,transaction
do not forget your doctor appointment on Friday at 3:00pm,appointment_reminder
your order #99228 is on its way. arrives today between 9:00am and 3:30pm,delivery_logistics
clave de un solo uso: 656968. expira en 2 minutos,otp_verification
invierte $6771 hoy y gana $199.000 en 48 horas garantizado,spam_advertising
un agente te contactara en los proximos 16 minutos,customer_service
gana $19.000 desde casa. sin experiencia necesaria. registrate ya!,spam_advertising
tu reclamo #2964 fue escalado a nivel 2. te informaremos pronto,customer_service
tu reclamo #2185 fue escalado a nivel 2. te informaremos pronto,customer_service
metodo probado para ganar $141.000 por semana. sin inversion inicial,spam_advertising
your bill of $2222 is due on 22/4. pay now to avoid penalties,billing_reminder
we updated your ticket #7467 with new information. check your email,customer_service
rebaja de 30% en electrodomesticos en Falabella solo este mes,promotion_offer
rebaja de 10% en electrodomesticos en Jumbo solo este mes,promotion_offer
cita medica agendada para el 16/11 a las 11:30am en clinica central,appointment_reminder
confirmacion de identidad requerida. tu codigo: 386544,otp_verification
clearance sale: up to 20% off perfumes at Shell,promotion_offer
no compartas este codigo: 910208. nadie te lo pedira,otp_verification
tu numero fue sorteado! llama gratis al 353-4009367 para reclamar,spam_advertising
"alert: password was changed. if you did not do this, contact us immediately",security_alert
order #77276 delivered successfully. how was your experience?,delivery_logistics
tu turno oftalmologica es manana a las 9:30am. no faltes,appointment_reminder
shipment #81371 is now in transit from Houston,delivery_logistics
actividad sospechosa detectada en tu cuenta. accede y revisa tus movimientos,security_alert
tu reclamo #4513 fue escalado a nivel 2. te informaremos pronto,customer_service
verification code: 355400. valid for 5 minutes,otp_verification
purchase of $2445 approved at Apple Store,transaction
one-time pin: 988456. valid for this session only,otp_verification
order #39427 delivered successfully. how was your experience?,delivery_logistics
support ticket #4139 opened. our team will respond within 7 hours,customer_service
tu contrato fue renovado exitosamente hasta 1/2026,customer_service
"authentication code: 156837. if this was not you, ignore this message",otp_verification
order #25825 delivered successfully. how was your experience?,delivery_logistics
you are one of 7 winners selected. act now!,spam_advertising
felicitaciones! ganaste un premio de $426.000. llama ahora al 308-1200679,spam_advertising
consigue $314.000 adicionales al mes trabajando solo 1 horas al dia,spam_advertising
verificacion requerida: acceso sospechoso desde Espana,security_alert
"a new payment method was added to your account. if this was not you, act now",security_alert
click here to claim your $2588 reward: www.prize760.com,spam_advertising
alert: sign in from Brazil at 10h. not you? change password,security_alert
alert: sign in from Paris at 6h. not you? change password,security_alert
your refund of $1480 has been approved. it will be credited in 7 business days,customer_service
2-step verification: use code 985506,otp_verification
sistema automatico de ganancias! genera $365.000 mientras duermes,spam_advertising
ultimo aviso: factura de $9694 vence hoy. paga ahora para evitar corte,billing_reminder
autenticacion de dos factores: 438977 es tu codigo,otp_verification
your $2783 cashback is ready to use at CVS,promotion_offer
paga tu factura hoy y evita penalidades. monto: $5799,billing_reminder
sale: todos los perfumes a 10% de descuento en Shell,promotion_offer
tu caso esta siendo revisado por nuestro equipo. respuesta en 1 horas,customer_service
realizaste una compra de $162.000 con tu tarjeta de credito,transaction
factura mensual generada por $6538. fecha limite de pago: 13/2,billing_reminder
your request has been received. we will contact you within 1 business days,customer_service
detectamos un inicio de sesion inusual desde Argentina. fuiste tu?,security_alert
alert: sign in from USA at 11h. not you? change password,security_alert
pago de servicios por $3643 completado exitosamente,transaction
tu envio salio del deposito. numero de seguimiento: #29735,delivery_logistics
deuda pendiente de $5924. paga antes del 3 para evitar intereses,billing_reminder
seguimiento actualizado: tu paquete #96194 esta en aduana,delivery_logistics
paquete #19789 en camino. firma requerida en la entrega,delivery_logistics
acceso no reconocido desde Italia a las 7h. cambia tu contrasena,security_alert
purchase of $2029 approved at Walgreens,transaction
tu pin de un solo uso es 498676. valido solo por esta sesion,otp_verification
no habia nadie en casa. reprogramamos la entrega de #23624 para manana,delivery_logistics
enter 163491 to confirm your access,otp_verification
invierte $3245 hoy y gana $238.000 en 48 horas garantizado,spam_advertising
your ophthalmology appointment is confirmed for 22/6 at central clinic,appointment_reminder
inicio de sesion desde Rusia en tu cuenta. reconoces este acceso?,security_alert
2-step verification: use code 203996,otp_verification
payment of $1674 to Best Buy confirmed,transaction
tu devolucion de $6413 fue aprobada. acreditaremos en 9 dias habiles,customer_service
2-step verification: use code 284229,otp_verification
unauthorized access attempt from Canada. your account may be at risk,security_alert
cargo de $1903 aplicado a tu tarjeta terminada en 8962,transaction
soporte tecnico: tu incidencia #3627 esta siendo atendida,customer_service
sistema automatico de ganancias! genera $296.000 mientras duermes,spam_advertising
reminder: you have a medical appointment on Thursday at 9:00am,appointment_reminder
delivery scheduled for tomorrow between 5:00pm and 2:30pm,delivery_logistics
tu verificacion telefonica: 833247,otp_verification
